,N,Method,$\hat{\mathbb{P}}$
0,10.0,SAO-ScenarioApproxWithO,0.82671
1,60.0,SAO-ScenarioApproxWithO,0.9624
2,110.0,SAO-ScenarioApproxWithO,0.9556
3,160.0,SAO-ScenarioApproxWithO,0.97123
4,210.0,SAO-ScenarioApproxWithO,0.97153
5,260.0,SAO-ScenarioApproxWithO,0.98299
6,10.0,SAO-ScenarioApproxWithO,0.83759
7,60.0,SAO-ScenarioApproxWithO,0.93432
8,110.0,SAO-ScenarioApproxWithO,0.9446
9,160.0,SAO-ScenarioApproxWithO,0.9767
10,210.0,SAO-ScenarioApproxWithO,0.9557
11,260.0,SAO-ScenarioApproxWithO,0.9877
12,10.0,SAO-ScenarioApproxWithO,0.83231
13,60.0,SAO-ScenarioApproxWithO,0.91275
14,110.0,SAO-ScenarioApproxWithO,0.96104
15,160.0,SAO-ScenarioApproxWithO,0.96247
16,210.0,SAO-ScenarioApproxWithO,0.98772
17,260.0,SAO-ScenarioApproxWithO,0.97756
18,10.0,SAO-ScenarioApproxWithO,0.87057
19,60.0,SAO-ScenarioApproxWithO,0.9195
20,110.0,SAO-ScenarioApproxWithO,0.96504
21,160.0,SAO-ScenarioApproxWithO,0.98373
22,210.0,SAO-ScenarioApproxWithO,0.9727
23,260.0,SAO-ScenarioApproxWithO,0.97384
24,10.0,SAO-ScenarioApproxWithO,0.87226
25,60.0,SAO-ScenarioApproxWithO,0.96232
26,110.0,SAO-ScenarioApproxWithO,0.92862
27,160.0,SAO-ScenarioApproxWithO,0.97255
28,210.0,SAO-ScenarioApproxWithO,0.98151
29,260.0,SAO-ScenarioApproxWithO,0.98143
30,10.0,SAO-ScenarioApproxWithO,0.89617
31,60.0,SAO-ScenarioApproxWithO,0.91289
32,110.0,SAO-ScenarioApproxWithO,0.9868
33,160.0,SAO-ScenarioApproxWithO,0.96031
34,210.0,SAO-ScenarioApproxWithO,0.98652
35,260.0,SAO-ScenarioApproxWithO,0.99171
36,10.0,SAO-ScenarioApproxWithO,0.83095
37,60.0,SAO-ScenarioApproxWithO,0.94619
38,110.0,SAO-ScenarioApproxWithO,0.94752
39,160.0,SAO-ScenarioApproxWithO,0.97196
40,210.0,SAO-ScenarioApproxWithO,0.97802
41,260.0,SAO-ScenarioApproxWithO,0.98589
42,10.0,SAO-ScenarioApproxWithO,0.83117
43,60.0,SAO-ScenarioApproxWithO,0.91585
44,110.0,SAO-ScenarioApproxWithO,0.94782
45,160.0,SAO-ScenarioApproxWithO,0.97179
46,210.0,SAO-ScenarioApproxWithO,0.9747
47,260.0,SAO-ScenarioApproxWithO,0.96863
48,10.0,SAO-ScenarioApproxWithO,0.8345
49,60.0,SAO-ScenarioApproxWithO,0.92808
50,110.0,SAO-ScenarioApproxWithO,0.9658
51,160.0,SAO-ScenarioApproxWithO,0.97957
52,210.0,SAO-ScenarioApproxWithO,0.97646
53,260.0,SAO-ScenarioApproxWithO,0.98862
54,10.0,SAO-ScenarioApproxWithO,0.84561
55,60.0,SAO-ScenarioApproxWithO,0.93925
56,110.0,SAO-ScenarioApproxWithO,0.96533
57,160.0,SAO-ScenarioApproxWithO,0.98978
58,210.0,SAO-ScenarioApproxWithO,0.98472
59,260.0,SAO-ScenarioApproxWithO,0.98967
60,10.0,SAO-ScenarioApproxWithO,0.84779
61,60.0,SAO-ScenarioApproxWithO,0.89032
62,110.0,SAO-ScenarioApproxWithO,0.9512
63,160.0,SAO-ScenarioApproxWithO,0.97465
64,210.0,SAO-ScenarioApproxWithO,0.96646
65,260.0,SAO-ScenarioApproxWithO,0.97139
66,10.0,SAO-ScenarioApproxWithO,0.83409
67,60.0,SAO-ScenarioApproxWithO,0.93749
68,110.0,SAO-ScenarioApproxWithO,0.94731
69,160.0,SAO-ScenarioApproxWithO,0.98074
70,210.0,SAO-ScenarioApproxWithO,0.97072
71,260.0,SAO-ScenarioApproxWithO,0.96782
72,10.0,SAO-ScenarioApproxWithO,0.85902
73,60.0,SAO-ScenarioApproxWithO,0.94089
74,110.0,SAO-ScenarioApproxWithO,0.94966
75,160.0,SAO-ScenarioApproxWithO,0.97532
76,210.0,SAO-ScenarioApproxWithO,0.9817
77,260.0,SAO-ScenarioApproxWithO,0.9879
78,10.0,SAO-ScenarioApproxWithO,0.85412
79,60.0,SAO-ScenarioApproxWithO,0.91657
80,110.0,SAO-ScenarioApproxWithO,0.96649
81,160.0,SAO-ScenarioApproxWithO,0.97656
82,210.0,SAO-ScenarioApproxWithO,0.97358
83,260.0,SAO-ScenarioApproxWithO,0.98126
84,10.0,SAO-ScenarioApproxWithO,0.85311
85,60.0,SAO-ScenarioApproxWithO,0.95594
86,110.0,SAO-ScenarioApproxWithO,0.94758
87,160.0,SAO-ScenarioApproxWithO,0.98009
88,210.0,SAO-ScenarioApproxWithO,0.97755
89,260.0,SAO-ScenarioApproxWithO,0.98472
90,10.0,SAO-ScenarioApproxWithO,0.85192
91,60.0,SAO-ScenarioApproxWithO,0.9484
92,110.0,SAO-ScenarioApproxWithO,0.97968
93,160.0,SAO-ScenarioApproxWithO,0.97291
94,210.0,SAO-ScenarioApproxWithO,0.97558
95,260.0,SAO-ScenarioApproxWithO,0.97718
96,10.0,SAO-ScenarioApproxWithO,0.84738
97,60.0,SAO-ScenarioApproxWithO,0.94595
98,110.0,SAO-ScenarioApproxWithO,0.96337
99,160.0,SAO-ScenarioApproxWithO,0.97336
100,210.0,SAO-ScenarioApproxWithO,0.98308
101,260.0,SAO-ScenarioApproxWithO,0.97828
102,10.0,SAO-ScenarioApproxWithO,0.85687
103,60.0,SAO-ScenarioApproxWithO,0.90788
104,110.0,SAO-ScenarioApproxWithO,0.97872
105,160.0,SAO-ScenarioApproxWithO,0.95035
106,210.0,SAO-ScenarioApproxWithO,0.95134
107,260.0,SAO-ScenarioApproxWithO,0.98099
108,10.0,SAO-ScenarioApproxWithO,0.83735
109,60.0,SAO-ScenarioApproxWithO,0.90946
110,110.0,SAO-ScenarioApproxWithO,0.96612
111,160.0,SAO-ScenarioApproxWithO,0.97991
112,210.0,SAO-ScenarioApproxWithO,0.98714
113,260.0,SAO-ScenarioApproxWithO,0.96909
114,10.0,SAO-ScenarioApproxWithO,0.85298
115,60.0,SAO-ScenarioApproxWithO,0.91945
116,110.0,SAO-ScenarioApproxWithO,0.9862
117,160.0,SAO-ScenarioApproxWithO,0.97269
118,210.0,SAO-ScenarioApproxWithO,0.97562
119,260.0,SAO-ScenarioApproxWithO,0.98874
120,10.0,SAO-ScenarioApproxWithO,0.83233
121,60.0,SAO-ScenarioApproxWithO,0.95243
122,110.0,SAO-ScenarioApproxWithO,0.97047
123,160.0,SAO-ScenarioApproxWithO,0.98387
124,210.0,SAO-ScenarioApproxWithO,0.9777
125,260.0,SAO-ScenarioApproxWithO,0.98992
126,10.0,SAO-ScenarioApproxWithO,0.83223
127,60.0,SAO-ScenarioApproxWithO,0.92488
128,110.0,SAO-ScenarioApproxWithO,0.95445
129,160.0,SAO-ScenarioApproxWithO,0.98541
130,210.0,SAO-ScenarioApproxWithO,0.97644
131,260.0,SAO-ScenarioApproxWithO,0.97711
132,10.0,SAO-ScenarioApproxWithO,0.86974
133,60.0,SAO-ScenarioApproxWithO,0.93573
134,110.0,SAO-ScenarioApproxWithO,0.96956
135,160.0,SAO-ScenarioApproxWithO,0.97945
136,210.0,SAO-ScenarioApproxWithO,0.97897
137,260.0,SAO-ScenarioApproxWithO,0.97282
138,10.0,SAO-ScenarioApproxWithO,0.84502
139,60.0,SAO-ScenarioApproxWithO,0.88966
140,110.0,SAO-ScenarioApproxWithO,0.97704
141,160.0,SAO-ScenarioApproxWithO,0.9744
142,210.0,SAO-ScenarioApproxWithO,0.99074
143,260.0,SAO-ScenarioApproxWithO,0.96393
144,10.0,SAO-ScenarioApproxWithO,0.8296
145,60.0,SAO-ScenarioApproxWithO,0.9683
146,110.0,SAO-ScenarioApproxWithO,0.97079
147,160.0,SAO-ScenarioApproxWithO,0.97768
148,210.0,SAO-ScenarioApproxWithO,0.96916
149,260.0,SAO-ScenarioApproxWithO,0.98719
150,10.0,SAO-ScenarioApproxWithO,0.89201
151,60.0,SAO-ScenarioApproxWithO,0.96108
152,110.0,SAO-ScenarioApproxWithO,0.98609
153,160.0,SAO-ScenarioApproxWithO,0.93162
154,210.0,SAO-ScenarioApproxWithO,0.98338
155,260.0,SAO-ScenarioApproxWithO,0.98758
156,10.0,SAO-ScenarioApproxWithO,0.86296
157,60.0,SAO-ScenarioApproxWithO,0.9457
158,110.0,SAO-ScenarioApproxWithO,0.97146
159,160.0,SAO-ScenarioApproxWithO,0.96159
160,210.0,SAO-ScenarioApproxWithO,0.97191
161,260.0,SAO-ScenarioApproxWithO,0.99
162,10.0,SAO-ScenarioApproxWithO,0.88753
163,60.0,SAO-ScenarioApproxWithO,0.93557
164,110.0,SAO-ScenarioApproxWithO,0.95172
165,160.0,SAO-ScenarioApproxWithO,0.97975
166,210.0,SAO-ScenarioApproxWithO,0.97555
167,260.0,SAO-ScenarioApproxWithO,0.99371
168,10.0,SAO-ScenarioApproxWithO,0.82424
169,60.0,SAO-ScenarioApproxWithO,0.92751
170,110.0,SAO-ScenarioApproxWithO,0.97414
171,160.0,SAO-ScenarioApproxWithO,0.9858
172,210.0,SAO-ScenarioApproxWithO,0.98128
173,260.0,SAO-ScenarioApproxWithO,0.98028
174,10.0,SAO-ScenarioApproxWithO,0.83945
175,60.0,SAO-ScenarioApproxWithO,0.95699
176,110.0,SAO-ScenarioApproxWithO,0.96094
177,160.0,SAO-ScenarioApproxWithO,0.99127
178,210.0,SAO-ScenarioApproxWithO,0.98904
179,260.0,SAO-ScenarioApproxWithO,0.99039
180,10.0,SAO-ScenarioApproxWithO,0.86621
181,60.0,SAO-ScenarioApproxWithO,0.92359
182,110.0,SAO-ScenarioApproxWithO,0.96807
183,160.0,SAO-ScenarioApproxWithO,0.95969
184,210.0,SAO-ScenarioApproxWithO,0.9698
185,260.0,SAO-ScenarioApproxWithO,0.98198
186,10.0,SAO-ScenarioApproxWithO,0.85291
187,60.0,SAO-ScenarioApproxWithO,0.92301
188,110.0,SAO-ScenarioApproxWithO,0.9858
189,160.0,SAO-ScenarioApproxWithO,0.97056
190,210.0,SAO-ScenarioApproxWithO,0.97613
191,260.0,SAO-ScenarioApproxWithO,0.98208
192,10.0,SAO-ScenarioApproxWithO,0.82674
193,60.0,SAO-ScenarioApproxWithO,0.97633
194,110.0,SAO-ScenarioApproxWithO,0.96951
195,160.0,SAO-ScenarioApproxWithO,0.98722
196,210.0,SAO-ScenarioApproxWithO,0.9866
197,260.0,SAO-ScenarioApproxWithO,0.97917
198,10.0,SAO-ScenarioApproxWithO,0.82628
199,60.0,SAO-ScenarioApproxWithO,0.95759
200,110.0,SAO-ScenarioApproxWithO,0.94641
201,160.0,SAO-ScenarioApproxWithO,0.98013
202,210.0,SAO-ScenarioApproxWithO,0.98756
203,260.0,SAO-ScenarioApproxWithO,0.98596
204,10.0,SAO-ScenarioApproxWithO,0.83997
205,60.0,SAO-ScenarioApproxWithO,0.9651
206,110.0,SAO-ScenarioApproxWithO,0.9664
207,160.0,SAO-ScenarioApproxWithO,0.98663
208,210.0,SAO-ScenarioApproxWithO,0.98617
209,260.0,SAO-ScenarioApproxWithO,0.98577
210,10.0,SAO-ScenarioApproxWithO,0.83958
211,60.0,SAO-ScenarioApproxWithO,0.96235
212,110.0,SAO-ScenarioApproxWithO,0.96869
213,160.0,SAO-ScenarioApproxWithO,0.96252
214,210.0,SAO-ScenarioApproxWithO,0.98718
215,260.0,SAO-ScenarioApproxWithO,0.98746
216,10.0,SAO-ScenarioApproxWithO,0.84927
217,60.0,SAO-ScenarioApproxWithO,0.93648
218,110.0,SAO-ScenarioApproxWithO,0.95179
219,160.0,SAO-ScenarioApproxWithO,0.96068
220,210.0,SAO-ScenarioApproxWithO,0.98741
221,260.0,SAO-ScenarioApproxWithO,0.97872
222,10.0,SAO-ScenarioApproxWithO,0.87354
223,60.0,SAO-ScenarioApproxWithO,0.95648
224,110.0,SAO-ScenarioApproxWithO,0.97539
225,160.0,SAO-ScenarioApproxWithO,0.98515
226,210.0,SAO-ScenarioApproxWithO,0.9621
227,260.0,SAO-ScenarioApproxWithO,0.99572
228,10.0,SAO-ScenarioApproxWithO,0.83084
229,60.0,SAO-ScenarioApproxWithO,0.95496
230,110.0,SAO-ScenarioApproxWithO,0.97736
231,160.0,SAO-ScenarioApproxWithO,0.96948
232,210.0,SAO-ScenarioApproxWithO,0.97246
233,260.0,SAO-ScenarioApproxWithO,0.98115
234,10.0,SAO-ScenarioApproxWithO,0.82581
235,60.0,SAO-ScenarioApproxWithO,0.92
236,110.0,SAO-ScenarioApproxWithO,0.95522
237,160.0,SAO-ScenarioApproxWithO,0.96992
238,210.0,SAO-ScenarioApproxWithO,0.97209
239,260.0,SAO-ScenarioApproxWithO,0.98083
240,10.0,SAO-ScenarioApproxWithO,0.90388
241,60.0,SAO-ScenarioApproxWithO,0.92601
242,110.0,SAO-ScenarioApproxWithO,0.96595
243,160.0,SAO-ScenarioApproxWithO,0.98221
244,210.0,SAO-ScenarioApproxWithO,0.97793
245,260.0,SAO-ScenarioApproxWithO,0.9765
246,10.0,SAO-ScenarioApproxWithO,0.89415
247,60.0,SAO-ScenarioApproxWithO,0.91813
248,110.0,SAO-ScenarioApproxWithO,0.96108
249,160.0,SAO-ScenarioApproxWithO,0.95147
250,210.0,SAO-ScenarioApproxWithO,0.98458
251,260.0,SAO-ScenarioApproxWithO,0.99092
252,10.0,SAO-ScenarioApproxWithO,0.85016
253,60.0,SAO-ScenarioApproxWithO,0.88346
254,110.0,SAO-ScenarioApproxWithO,0.95249
255,160.0,SAO-ScenarioApproxWithO,0.96829
256,210.0,SAO-ScenarioApproxWithO,0.98376
257,260.0,SAO-ScenarioApproxWithO,0.98086
258,10.0,SAO-ScenarioApproxWithO,0.82929
259,60.0,SAO-ScenarioApproxWithO,0.9733
260,110.0,SAO-ScenarioApproxWithO,0.96087
261,160.0,SAO-ScenarioApproxWithO,0.97709
262,210.0,SAO-ScenarioApproxWithO,0.975
263,260.0,SAO-ScenarioApproxWithO,0.97678
264,10.0,SAO-ScenarioApproxWithO,0.83976
265,60.0,SAO-ScenarioApproxWithO,0.95576
266,110.0,SAO-ScenarioApproxWithO,0.91845
267,160.0,SAO-ScenarioApproxWithO,0.97467
268,210.0,SAO-ScenarioApproxWithO,0.99322
269,260.0,SAO-ScenarioApproxWithO,0.98825
270,10.0,SAO-ScenarioApproxWithO,0.87006
271,60.0,SAO-ScenarioApproxWithO,0.94634
272,110.0,SAO-ScenarioApproxWithO,0.97362
273,160.0,SAO-ScenarioApproxWithO,0.97812
274,210.0,SAO-ScenarioApproxWithO,0.97914
275,260.0,SAO-ScenarioApproxWithO,0.98367
276,10.0,SAO-ScenarioApproxWithO,0.87031
277,60.0,SAO-ScenarioApproxWithO,0.93168
278,110.0,SAO-ScenarioApproxWithO,0.96072
279,160.0,SAO-ScenarioApproxWithO,0.97081
280,210.0,SAO-ScenarioApproxWithO,0.95236
281,260.0,SAO-ScenarioApproxWithO,0.9881
282,10.0,SAO-ScenarioApproxWithO,0.83859
283,60.0,SAO-ScenarioApproxWithO,0.91588
284,110.0,SAO-ScenarioApproxWithO,0.95235
285,160.0,SAO-ScenarioApproxWithO,0.98173
286,210.0,SAO-ScenarioApproxWithO,0.96155
287,260.0,SAO-ScenarioApproxWithO,0.98334
288,10.0,SAO-ScenarioApproxWithO,0.88966
289,60.0,SAO-ScenarioApproxWithO,0.91982
290,110.0,SAO-ScenarioApproxWithO,0.97385
291,160.0,SAO-ScenarioApproxWithO,0.97923
292,210.0,SAO-ScenarioApproxWithO,0.98232
293,260.0,SAO-ScenarioApproxWithO,0.98257
294,10.0,SAO-ScenarioApproxWithO,0.88224
295,60.0,SAO-ScenarioApproxWithO,0.95206
296,110.0,SAO-ScenarioApproxWithO,0.98438
297,160.0,SAO-ScenarioApproxWithO,0.97792
298,210.0,SAO-ScenarioApproxWithO,0.99131
299,260.0,SAO-ScenarioApproxWithO,0.97219
300,10.0,SAO-ScenarioApproxWithO,0.85148
301,60.0,SAO-ScenarioApproxWithO,0.91681
302,110.0,SAO-ScenarioApproxWithO,0.97671
303,160.0,SAO-ScenarioApproxWithO,0.98415
304,210.0,SAO-ScenarioApproxWithO,0.97936
305,260.0,SAO-ScenarioApproxWithO,0.98588
306,10.0,SAO-ScenarioApproxWithO,0.84476
307,60.0,SAO-ScenarioApproxWithO,0.95529
308,110.0,SAO-ScenarioApproxWithO,0.98347
309,160.0,SAO-ScenarioApproxWithO,0.99089
310,210.0,SAO-ScenarioApproxWithO,0.9759
311,260.0,SAO-ScenarioApproxWithO,0.97038
312,10.0,SAO-ScenarioApproxWithO,0.84062
313,60.0,SAO-ScenarioApproxWithO,0.97563
314,110.0,SAO-ScenarioApproxWithO,0.96775
315,160.0,SAO-ScenarioApproxWithO,0.97656
316,210.0,SAO-ScenarioApproxWithO,0.98232
317,260.0,SAO-ScenarioApproxWithO,0.96492
318,10.0,SAO-ScenarioApproxWithO,0.84045
319,60.0,SAO-ScenarioApproxWithO,0.95541
320,110.0,SAO-ScenarioApproxWithO,0.9611
321,160.0,SAO-ScenarioApproxWithO,0.97919
322,210.0,SAO-ScenarioApproxWithO,0.9821
323,260.0,SAO-ScenarioApproxWithO,0.98129
324,10.0,SAO-ScenarioApproxWithO,0.86113
325,60.0,SAO-ScenarioApproxWithO,0.95443
326,110.0,SAO-ScenarioApproxWithO,0.95455
327,160.0,SAO-ScenarioApproxWithO,0.96336
328,210.0,SAO-ScenarioApproxWithO,0.99192
329,260.0,SAO-ScenarioApproxWithO,0.96242
330,10.0,SAO-ScenarioApproxWithO,0.8303
331,60.0,SAO-ScenarioApproxWithO,0.94202
332,110.0,SAO-ScenarioApproxWithO,0.96166
333,160.0,SAO-ScenarioApproxWithO,0.95422
334,210.0,SAO-ScenarioApproxWithO,0.95837
335,260.0,SAO-ScenarioApproxWithO,0.98215
336,10.0,SAO-ScenarioApproxWithO,0.83207
337,60.0,SAO-ScenarioApproxWithO,0.92147
338,110.0,SAO-ScenarioApproxWithO,0.95135
339,160.0,SAO-ScenarioApproxWithO,0.96305
340,210.0,SAO-ScenarioApproxWithO,0.97898
341,260.0,SAO-ScenarioApproxWithO,0.98134
342,10.0,SAO-ScenarioApproxWithO,0.87865
343,60.0,SAO-ScenarioApproxWithO,0.87585
344,110.0,SAO-ScenarioApproxWithO,0.9796
345,160.0,SAO-ScenarioApproxWithO,0.982
346,210.0,SAO-ScenarioApproxWithO,0.98941
347,260.0,SAO-ScenarioApproxWithO,0.96564
348,10.0,SAO-ScenarioApproxWithO,0.87377
349,60.0,SAO-ScenarioApproxWithO,0.97594
350,110.0,SAO-ScenarioApproxWithO,0.93763
351,160.0,SAO-ScenarioApproxWithO,0.98441
352,210.0,SAO-ScenarioApproxWithO,0.97268
353,260.0,SAO-ScenarioApproxWithO,0.98858
354,10.0,SAO-ScenarioApproxWithO,0.84238
355,60.0,SAO-ScenarioApproxWithO,0.92786
356,110.0,SAO-ScenarioApproxWithO,0.95706
357,160.0,SAO-ScenarioApproxWithO,0.97322
358,210.0,SAO-ScenarioApproxWithO,0.99107
359,260.0,SAO-ScenarioApproxWithO,0.97943
360,10.0,SAO-ScenarioApproxWithO,0.83754
361,60.0,SAO-ScenarioApproxWithO,0.92373
362,110.0,SAO-ScenarioApproxWithO,0.93636
363,160.0,SAO-ScenarioApproxWithO,0.97401
364,210.0,SAO-ScenarioApproxWithO,0.96553
365,260.0,SAO-ScenarioApproxWithO,0.97227
366,10.0,SAO-ScenarioApproxWithO,0.83387
367,60.0,SAO-ScenarioApproxWithO,0.89266
368,110.0,SAO-ScenarioApproxWithO,0.94955
369,160.0,SAO-ScenarioApproxWithO,0.98084
370,210.0,SAO-ScenarioApproxWithO,0.97877
371,260.0,SAO-ScenarioApproxWithO,0.98764
372,10.0,SAO-ScenarioApproxWithO,0.83114
373,60.0,SAO-ScenarioApproxWithO,0.98105
374,110.0,SAO-ScenarioApproxWithO,0.9066
375,160.0,SAO-ScenarioApproxWithO,0.98062
376,210.0,SAO-ScenarioApproxWithO,0.98588
377,260.0,SAO-ScenarioApproxWithO,0.99304
378,10.0,SAO-ScenarioApproxWithO,0.86829
379,60.0,SAO-ScenarioApproxWithO,0.92706
380,110.0,SAO-ScenarioApproxWithO,0.95862
381,160.0,SAO-ScenarioApproxWithO,0.98213
382,210.0,SAO-ScenarioApproxWithO,0.97839
383,260.0,SAO-ScenarioApproxWithO,0.99038
384,10.0,SAO-ScenarioApproxWithO,0.84876
385,60.0,SAO-ScenarioApproxWithO,0.94828
386,110.0,SAO-ScenarioApproxWithO,0.96007
387,160.0,SAO-ScenarioApproxWithO,0.95793
388,210.0,SAO-ScenarioApproxWithO,0.99132
389,260.0,SAO-ScenarioApproxWithO,0.98231
390,10.0,SAO-ScenarioApproxWithO,0.84367
391,60.0,SAO-ScenarioApproxWithO,0.91234
392,110.0,SAO-ScenarioApproxWithO,0.95383
393,160.0,SAO-ScenarioApproxWithO,0.97781
394,210.0,SAO-ScenarioApproxWithO,0.97079
395,260.0,SAO-ScenarioApproxWithO,0.99366
396,10.0,SAO-ScenarioApproxWithO,0.83894
397,60.0,SAO-ScenarioApproxWithO,0.95399
398,110.0,SAO-ScenarioApproxWithO,0.95427
399,160.0,SAO-ScenarioApproxWithO,0.96443
400,210.0,SAO-ScenarioApproxWithO,0.9755
401,260.0,SAO-ScenarioApproxWithO,0.98978
402,10.0,SAO-ScenarioApproxWithO,0.86218
403,60.0,SAO-ScenarioApproxWithO,0.9315
404,110.0,SAO-ScenarioApproxWithO,0.97678
405,160.0,SAO-ScenarioApproxWithO,0.97917
406,210.0,SAO-ScenarioApproxWithO,0.97891
407,260.0,SAO-ScenarioApproxWithO,0.98256
408,10.0,SAO-ScenarioApproxWithO,0.83235
409,60.0,SAO-ScenarioApproxWithO,0.89496
410,110.0,SAO-ScenarioApproxWithO,0.95211
411,160.0,SAO-ScenarioApproxWithO,0.98868
412,210.0,SAO-ScenarioApproxWithO,0.96093
413,260.0,SAO-ScenarioApproxWithO,0.98665
414,10.0,SAO-ScenarioApproxWithO,0.83356
415,60.0,SAO-ScenarioApproxWithO,0.92677
416,110.0,SAO-ScenarioApproxWithO,0.9629
417,160.0,SAO-ScenarioApproxWithO,0.95976
418,210.0,SAO-ScenarioApproxWithO,0.98192
419,260.0,SAO-ScenarioApproxWithO,0.99098
420,10.0,SAO-ScenarioApproxWithO,0.88527
421,60.0,SAO-ScenarioApproxWithO,0.93641
422,110.0,SAO-ScenarioApproxWithO,0.96587
423,160.0,SAO-ScenarioApproxWithO,0.96208
424,210.0,SAO-ScenarioApproxWithO,0.98362
425,260.0,SAO-ScenarioApproxWithO,0.98217
426,10.0,SAO-ScenarioApproxWithO,0.84942
427,60.0,SAO-ScenarioApproxWithO,0.9082
428,110.0,SAO-ScenarioApproxWithO,0.94989
429,160.0,SAO-ScenarioApproxWithO,0.97216
430,210.0,SAO-ScenarioApproxWithO,0.98252
431,260.0,SAO-ScenarioApproxWithO,0.98414
432,10.0,SAO-ScenarioApproxWithO,0.8874
433,60.0,SAO-ScenarioApproxWithO,0.93585
434,110.0,SAO-ScenarioApproxWithO,0.97105
435,160.0,SAO-ScenarioApproxWithO,0.96344
436,210.0,SAO-ScenarioApproxWithO,0.96693
437,260.0,SAO-ScenarioApproxWithO,0.98208
438,10.0,SAO-ScenarioApproxWithO,0.86418
439,60.0,SAO-ScenarioApproxWithO,0.95504
440,110.0,SAO-ScenarioApproxWithO,0.97031
441,160.0,SAO-ScenarioApproxWithO,0.98013
442,210.0,SAO-ScenarioApproxWithO,0.97779
443,260.0,SAO-ScenarioApproxWithO,0.99547
444,10.0,SAO-ScenarioApproxWithO,0.84262
445,60.0,SAO-ScenarioApproxWithO,0.91965
446,110.0,SAO-ScenarioApproxWithO,0.96249
447,160.0,SAO-ScenarioApproxWithO,0.96319
448,210.0,SAO-ScenarioApproxWithO,0.96808
449,260.0,SAO-ScenarioApproxWithO,0.96245
450,10.0,SAO-ScenarioApproxWithO,0.83463
451,60.0,SAO-ScenarioApproxWithO,0.93701
452,110.0,SAO-ScenarioApproxWithO,0.93262
453,160.0,SAO-ScenarioApproxWithO,0.97716
454,210.0,SAO-ScenarioApproxWithO,0.98719
455,260.0,SAO-ScenarioApproxWithO,0.99053
456,10.0,SAO-ScenarioApproxWithO,0.86885
457,60.0,SAO-ScenarioApproxWithO,0.94685
458,110.0,SAO-ScenarioApproxWithO,0.97163
459,160.0,SAO-ScenarioApproxWithO,0.98716
460,210.0,SAO-ScenarioApproxWithO,0.97517
461,260.0,SAO-ScenarioApproxWithO,0.99
462,10.0,SAO-ScenarioApproxWithO,0.84379
463,60.0,SAO-ScenarioApproxWithO,0.92648
464,110.0,SAO-ScenarioApproxWithO,0.95495
465,160.0,SAO-ScenarioApproxWithO,0.96018
466,210.0,SAO-ScenarioApproxWithO,0.98258
467,260.0,SAO-ScenarioApproxWithO,0.98252
468,10.0,SAO-ScenarioApproxWithO,0.87232
469,60.0,SAO-ScenarioApproxWithO,0.95254
470,110.0,SAO-ScenarioApproxWithO,0.96946
471,160.0,SAO-ScenarioApproxWithO,0.96304
472,210.0,SAO-ScenarioApproxWithO,0.97424
473,260.0,SAO-ScenarioApproxWithO,0.98783
474,10.0,SAO-ScenarioApproxWithO,0.82217
475,60.0,SAO-ScenarioApproxWithO,0.90788
476,110.0,SAO-ScenarioApproxWithO,0.96913
477,160.0,SAO-ScenarioApproxWithO,0.96825
478,210.0,SAO-ScenarioApproxWithO,0.97493
479,260.0,SAO-ScenarioApproxWithO,0.982
480,10.0,SAO-ScenarioApproxWithO,0.84035
481,60.0,SAO-ScenarioApproxWithO,0.89381
482,110.0,SAO-ScenarioApproxWithO,0.97733
483,160.0,SAO-ScenarioApproxWithO,0.9756
484,210.0,SAO-ScenarioApproxWithO,0.97942
485,260.0,SAO-ScenarioApproxWithO,0.97118
486,10.0,SAO-ScenarioApproxWithO,0.82406
487,60.0,SAO-ScenarioApproxWithO,0.93835
488,110.0,SAO-ScenarioApproxWithO,0.97409
489,160.0,SAO-ScenarioApproxWithO,0.97068
490,210.0,SAO-ScenarioApproxWithO,0.98727
491,260.0,SAO-ScenarioApproxWithO,0.98101
492,10.0,SAO-ScenarioApproxWithO,0.87871
493,60.0,SAO-ScenarioApproxWithO,0.93941
494,110.0,SAO-ScenarioApproxWithO,0.94342
495,160.0,SAO-ScenarioApproxWithO,0.98043
496,210.0,SAO-ScenarioApproxWithO,0.97403
497,260.0,SAO-ScenarioApproxWithO,0.97651
498,10.0,SAO-ScenarioApproxWithO,0.86202
499,60.0,SAO-ScenarioApproxWithO,0.96233
500,110.0,SAO-ScenarioApproxWithO,0.94551
501,160.0,SAO-ScenarioApproxWithO,0.98365
502,210.0,SAO-ScenarioApproxWithO,0.98278
503,260.0,SAO-ScenarioApproxWithO,0.98975
504,10.0,SAO-ScenarioApproxWithO,0.82793
505,60.0,SAO-ScenarioApproxWithO,0.92733
506,110.0,SAO-ScenarioApproxWithO,0.96432
507,160.0,SAO-ScenarioApproxWithO,0.97654
508,210.0,SAO-ScenarioApproxWithO,0.97214
509,260.0,SAO-ScenarioApproxWithO,0.99272
510,10.0,SAO-ScenarioApproxWithO,0.82845
511,60.0,SAO-ScenarioApproxWithO,0.92549
512,110.0,SAO-ScenarioApproxWithO,0.98618
513,160.0,SAO-ScenarioApproxWithO,0.97692
514,210.0,SAO-ScenarioApproxWithO,0.98926
515,260.0,SAO-ScenarioApproxWithO,0.97367
516,10.0,SAO-ScenarioApproxWithO,0.87755
517,60.0,SAO-ScenarioApproxWithO,0.91124
518,110.0,SAO-ScenarioApproxWithO,0.95247
519,160.0,SAO-ScenarioApproxWithO,0.97623
520,210.0,SAO-ScenarioApproxWithO,0.98129
521,260.0,SAO-ScenarioApproxWithO,0.98333
522,10.0,SAO-ScenarioApproxWithO,0.85203
523,60.0,SAO-ScenarioApproxWithO,0.89409
524,110.0,SAO-ScenarioApproxWithO,0.94705
525,160.0,SAO-ScenarioApproxWithO,0.97173
526,210.0,SAO-ScenarioApproxWithO,0.9853
527,260.0,SAO-ScenarioApproxWithO,0.99035
528,10.0,SAO-ScenarioApproxWithO,0.89173
529,60.0,SAO-ScenarioApproxWithO,0.96706
530,110.0,SAO-ScenarioApproxWithO,0.98144
531,160.0,SAO-ScenarioApproxWithO,0.98145
532,210.0,SAO-ScenarioApproxWithO,0.96462
533,260.0,SAO-ScenarioApproxWithO,0.98528
534,10.0,SAO-ScenarioApproxWithO,0.85319
535,60.0,SAO-ScenarioApproxWithO,0.93654
536,110.0,SAO-ScenarioApproxWithO,0.97708
537,160.0,SAO-ScenarioApproxWithO,0.98159
538,210.0,SAO-ScenarioApproxWithO,0.98118
539,260.0,SAO-ScenarioApproxWithO,0.9905
540,10.0,SAO-ScenarioApproxWithO,0.82595
541,60.0,SAO-ScenarioApproxWithO,0.94894
542,110.0,SAO-ScenarioApproxWithO,0.97191
543,160.0,SAO-ScenarioApproxWithO,0.98355
544,210.0,SAO-ScenarioApproxWithO,0.99388
545,260.0,SAO-ScenarioApproxWithO,0.97909
546,10.0,SAO-ScenarioApproxWithO,0.82628
547,60.0,SAO-ScenarioApproxWithO,0.92249
548,110.0,SAO-ScenarioApproxWithO,0.95866
549,160.0,SAO-ScenarioApproxWithO,0.97516
550,210.0,SAO-ScenarioApproxWithO,0.98446
551,260.0,SAO-ScenarioApproxWithO,0.96942
552,10.0,SAO-ScenarioApproxWithO,0.8506
553,60.0,SAO-ScenarioApproxWithO,0.92635
554,110.0,SAO-ScenarioApproxWithO,0.96022
555,160.0,SAO-ScenarioApproxWithO,0.97431
556,210.0,SAO-ScenarioApproxWithO,0.96768
557,260.0,SAO-ScenarioApproxWithO,0.97537
558,10.0,SAO-ScenarioApproxWithO,0.85839
559,60.0,SAO-ScenarioApproxWithO,0.94016
560,110.0,SAO-ScenarioApproxWithO,0.97882
561,160.0,SAO-ScenarioApproxWithO,0.98694
562,210.0,SAO-ScenarioApproxWithO,0.96631
563,260.0,SAO-ScenarioApproxWithO,0.98512
564,10.0,SAO-ScenarioApproxWithO,0.85196
565,60.0,SAO-ScenarioApproxWithO,0.96572
566,110.0,SAO-ScenarioApproxWithO,0.95715
567,160.0,SAO-ScenarioApproxWithO,0.97493
568,210.0,SAO-ScenarioApproxWithO,0.98982
569,260.0,SAO-ScenarioApproxWithO,0.98697
570,10.0,SAO-ScenarioApproxWithO,0.86864
571,60.0,SAO-ScenarioApproxWithO,0.94956
572,110.0,SAO-ScenarioApproxWithO,0.96614
573,160.0,SAO-ScenarioApproxWithO,0.92708
574,210.0,SAO-ScenarioApproxWithO,0.9711
575,260.0,SAO-ScenarioApproxWithO,0.98343
576,10.0,SAO-ScenarioApproxWithO,0.83783
577,60.0,SAO-ScenarioApproxWithO,0.86953
578,110.0,SAO-ScenarioApproxWithO,0.972
579,160.0,SAO-ScenarioApproxWithO,0.97102
580,210.0,SAO-ScenarioApproxWithO,0.98326
581,260.0,SAO-ScenarioApproxWithO,0.97761
582,10.0,SAO-ScenarioApproxWithO,0.87595
583,60.0,SAO-ScenarioApproxWithO,0.92795
584,110.0,SAO-ScenarioApproxWithO,0.9465
585,160.0,SAO-ScenarioApproxWithO,0.98203
586,210.0,SAO-ScenarioApproxWithO,0.98004
587,260.0,SAO-ScenarioApproxWithO,0.98635
588,10.0,SAO-ScenarioApproxWithO,0.82426
589,60.0,SAO-ScenarioApproxWithO,0.98064
590,110.0,SAO-ScenarioApproxWithO,0.98488
591,160.0,SAO-ScenarioApproxWithO,0.98241
592,210.0,SAO-ScenarioApproxWithO,0.98459
593,260.0,SAO-ScenarioApproxWithO,0.98622
594,10.0,SAO-ScenarioApproxWithO,0.82404
595,60.0,SAO-ScenarioApproxWithO,0.92476
596,110.0,SAO-ScenarioApproxWithO,0.92795
597,160.0,SAO-ScenarioApproxWithO,0.96811
598,210.0,SAO-ScenarioApproxWithO,0.98517
599,260.0,SAO-ScenarioApproxWithO,0.97185
0,10.0,SA-ScenarioApprox,0.71863
1,60.0,SA-ScenarioApprox,0.96138
2,110.0,SA-ScenarioApprox,0.95613
3,160.0,SA-ScenarioApprox,0.97182
4,210.0,SA-ScenarioApprox,0.97127
5,260.0,SA-ScenarioApprox,0.98314
6,10.0,SA-ScenarioApprox,0.5391
7,60.0,SA-ScenarioApprox,0.93489
8,110.0,SA-ScenarioApprox,0.94327
9,160.0,SA-ScenarioApprox,0.97573
10,210.0,SA-ScenarioApprox,0.95642
11,260.0,SA-ScenarioApprox,0.98812
12,10.0,SA-ScenarioApprox,0.56173
13,60.0,SA-ScenarioApprox,0.87179
14,110.0,SA-ScenarioApprox,0.96089
15,160.0,SA-ScenarioApprox,0.9632
16,210.0,SA-ScenarioApprox,0.98773
17,260.0,SA-ScenarioApprox,0.97777
18,10.0,SA-ScenarioApprox,0.85674
19,60.0,SA-ScenarioApprox,0.92282
20,110.0,SA-ScenarioApprox,0.96512
21,160.0,SA-ScenarioApprox,0.98358
22,210.0,SA-ScenarioApprox,0.97466
23,260.0,SA-ScenarioApprox,0.97458
24,10.0,SA-ScenarioApprox,0.61917
25,60.0,SA-ScenarioApprox,0.96348
26,110.0,SA-ScenarioApprox,0.93086
27,160.0,SA-ScenarioApprox,0.9728
28,210.0,SA-ScenarioApprox,0.9815
29,260.0,SA-ScenarioApprox,0.9823
30,10.0,SA-ScenarioApprox,0.86304
31,60.0,SA-ScenarioApprox,0.90641
32,110.0,SA-ScenarioApprox,0.98702
33,160.0,SA-ScenarioApprox,0.96193
34,210.0,SA-ScenarioApprox,0.9866
35,260.0,SA-ScenarioApprox,0.99165
36,10.0,SA-ScenarioApprox,0.6758
37,60.0,SA-ScenarioApprox,0.94705
38,110.0,SA-ScenarioApprox,0.94768
39,160.0,SA-ScenarioApprox,0.97145
40,210.0,SA-ScenarioApprox,0.97732
41,260.0,SA-ScenarioApprox,0.98533
42,10.0,SA-ScenarioApprox,0.51195
43,60.0,SA-ScenarioApprox,0.87773
44,110.0,SA-ScenarioApprox,0.9478
45,160.0,SA-ScenarioApprox,0.9714
46,210.0,SA-ScenarioApprox,0.97515
47,260.0,SA-ScenarioApprox,0.96812
48,10.0,SA-ScenarioApprox,0.57732
49,60.0,SA-ScenarioApprox,0.92825
50,110.0,SA-ScenarioApprox,0.96559
51,160.0,SA-ScenarioApprox,0.97999
52,210.0,SA-ScenarioApprox,0.97667
53,260.0,SA-ScenarioApprox,0.98866
54,10.0,SA-ScenarioApprox,0.58005
55,60.0,SA-ScenarioApprox,0.93793
56,110.0,SA-ScenarioApprox,0.96622
57,160.0,SA-ScenarioApprox,0.9894
58,210.0,SA-ScenarioApprox,0.98429
59,260.0,SA-ScenarioApprox,0.9901
60,10.0,SA-ScenarioApprox,0.72755
61,60.0,SA-ScenarioApprox,0.88755
62,110.0,SA-ScenarioApprox,0.95192
63,160.0,SA-ScenarioApprox,0.97372
64,210.0,SA-ScenarioApprox,0.96629
65,260.0,SA-ScenarioApprox,0.97146
66,10.0,SA-ScenarioApprox,0.58571
67,60.0,SA-ScenarioApprox,0.93609
68,110.0,SA-ScenarioApprox,0.94818
69,160.0,SA-ScenarioApprox,0.98015
70,210.0,SA-ScenarioApprox,0.9706
71,260.0,SA-ScenarioApprox,0.96722
72,10.0,SA-ScenarioApprox,0.76029
73,60.0,SA-ScenarioApprox,0.94148
74,110.0,SA-ScenarioApprox,0.94914
75,160.0,SA-ScenarioApprox,0.9761
76,210.0,SA-ScenarioApprox,0.98225
77,260.0,SA-ScenarioApprox,0.98799
78,10.0,SA-ScenarioApprox,0.77891
79,60.0,SA-ScenarioApprox,0.90303
80,110.0,SA-ScenarioApprox,0.96707
81,160.0,SA-ScenarioApprox,0.9762
82,210.0,SA-ScenarioApprox,0.97405
83,260.0,SA-ScenarioApprox,0.98153
84,10.0,SA-ScenarioApprox,0.69459
85,60.0,SA-ScenarioApprox,0.9565
86,110.0,SA-ScenarioApprox,0.94005
87,160.0,SA-ScenarioApprox,0.97917
88,210.0,SA-ScenarioApprox,0.97776
89,260.0,SA-ScenarioApprox,0.98456
90,10.0,SA-ScenarioApprox,0.78506
91,60.0,SA-ScenarioApprox,0.94764
92,110.0,SA-ScenarioApprox,0.98013
93,160.0,SA-ScenarioApprox,0.97256
94,210.0,SA-ScenarioApprox,0.97649
95,260.0,SA-ScenarioApprox,0.97737
96,10.0,SA-ScenarioApprox,0.76775
97,60.0,SA-ScenarioApprox,0.94447
98,110.0,SA-ScenarioApprox,0.96226
99,160.0,SA-ScenarioApprox,0.97366
100,210.0,SA-ScenarioApprox,0.98206
101,260.0,SA-ScenarioApprox,0.97783
102,10.0,SA-ScenarioApprox,0.63613
103,60.0,SA-ScenarioApprox,0.90903
104,110.0,SA-ScenarioApprox,0.97803
105,160.0,SA-ScenarioApprox,0.94983
106,210.0,SA-ScenarioApprox,0.95298
107,260.0,SA-ScenarioApprox,0.98029
108,10.0,SA-ScenarioApprox,0.75322
109,60.0,SA-ScenarioApprox,0.87403
110,110.0,SA-ScenarioApprox,0.96617
111,160.0,SA-ScenarioApprox,0.97881
112,210.0,SA-ScenarioApprox,0.98771
113,260.0,SA-ScenarioApprox,0.96986
114,10.0,SA-ScenarioApprox,0.74519
115,60.0,SA-ScenarioApprox,0.92158
116,110.0,SA-ScenarioApprox,0.9859
117,160.0,SA-ScenarioApprox,0.97249
118,210.0,SA-ScenarioApprox,0.97555
119,260.0,SA-ScenarioApprox,0.98847
120,10.0,SA-ScenarioApprox,0.47834
121,60.0,SA-ScenarioApprox,0.95172
122,110.0,SA-ScenarioApprox,0.96959
123,160.0,SA-ScenarioApprox,0.98403
124,210.0,SA-ScenarioApprox,0.97797
125,260.0,SA-ScenarioApprox,0.9895
126,10.0,SA-ScenarioApprox,0.65143
127,60.0,SA-ScenarioApprox,0.92049
128,110.0,SA-ScenarioApprox,0.95413
129,160.0,SA-ScenarioApprox,0.98613
130,210.0,SA-ScenarioApprox,0.97705
131,260.0,SA-ScenarioApprox,0.97776
132,10.0,SA-ScenarioApprox,0.75574
133,60.0,SA-ScenarioApprox,0.93583
134,110.0,SA-ScenarioApprox,0.9689
135,160.0,SA-ScenarioApprox,0.98005
136,210.0,SA-ScenarioApprox,0.97832
137,260.0,SA-ScenarioApprox,0.9723
138,10.0,SA-ScenarioApprox,0.75493
139,60.0,SA-ScenarioApprox,0.88635
140,110.0,SA-ScenarioApprox,0.97717
141,160.0,SA-ScenarioApprox,0.9744
142,210.0,SA-ScenarioApprox,0.99099
143,260.0,SA-ScenarioApprox,0.96482
144,10.0,SA-ScenarioApprox,0.64434
145,60.0,SA-ScenarioApprox,0.96599
146,110.0,SA-ScenarioApprox,0.97091
147,160.0,SA-ScenarioApprox,0.97803
148,210.0,SA-ScenarioApprox,0.96909
149,260.0,SA-ScenarioApprox,0.98724
150,10.0,SA-ScenarioApprox,0.55694
151,60.0,SA-ScenarioApprox,0.96077
152,110.0,SA-ScenarioApprox,0.98706
153,160.0,SA-ScenarioApprox,0.93207
154,210.0,SA-ScenarioApprox,0.98431
155,260.0,SA-ScenarioApprox,0.9872
156,10.0,SA-ScenarioApprox,0.71323
157,60.0,SA-ScenarioApprox,0.94567
158,110.0,SA-ScenarioApprox,0.97204
159,160.0,SA-ScenarioApprox,0.96208
160,210.0,SA-ScenarioApprox,0.97173
161,260.0,SA-ScenarioApprox,0.99006
162,10.0,SA-ScenarioApprox,0.83221
163,60.0,SA-ScenarioApprox,0.93537
164,110.0,SA-ScenarioApprox,0.95092
165,160.0,SA-ScenarioApprox,0.98082
166,210.0,SA-ScenarioApprox,0.97478
167,260.0,SA-ScenarioApprox,0.99389
168,10.0,SA-ScenarioApprox,0.57918
169,60.0,SA-ScenarioApprox,0.92837
170,110.0,SA-ScenarioApprox,0.9738
171,160.0,SA-ScenarioApprox,0.98523
172,210.0,SA-ScenarioApprox,0.98212
173,260.0,SA-ScenarioApprox,0.98035
174,10.0,SA-ScenarioApprox,0.75908
175,60.0,SA-ScenarioApprox,0.9582
176,110.0,SA-ScenarioApprox,0.96218
177,160.0,SA-ScenarioApprox,0.99137
178,210.0,SA-ScenarioApprox,0.98924
179,260.0,SA-ScenarioApprox,0.99042
180,10.0,SA-ScenarioApprox,0.74788
181,60.0,SA-ScenarioApprox,0.91911
182,110.0,SA-ScenarioApprox,0.96697
183,160.0,SA-ScenarioApprox,0.9601
184,210.0,SA-ScenarioApprox,0.96887
185,260.0,SA-ScenarioApprox,0.98185
186,10.0,SA-ScenarioApprox,0.7336
187,60.0,SA-ScenarioApprox,0.92341
188,110.0,SA-ScenarioApprox,0.98506
189,160.0,SA-ScenarioApprox,0.97057
190,210.0,SA-ScenarioApprox,0.97398
191,260.0,SA-ScenarioApprox,0.98173
192,10.0,SA-ScenarioApprox,0.56862
193,60.0,SA-ScenarioApprox,0.97614
194,110.0,SA-ScenarioApprox,0.96962
195,160.0,SA-ScenarioApprox,0.98653
196,210.0,SA-ScenarioApprox,0.98675
197,260.0,SA-ScenarioApprox,0.97924
198,10.0,SA-ScenarioApprox,0.39413
199,60.0,SA-ScenarioApprox,0.95833
200,110.0,SA-ScenarioApprox,0.94509
201,160.0,SA-ScenarioApprox,0.98045
202,210.0,SA-ScenarioApprox,0.988
203,260.0,SA-ScenarioApprox,0.98594
204,10.0,SA-ScenarioApprox,0.72863
205,60.0,SA-ScenarioApprox,0.96412
206,110.0,SA-ScenarioApprox,0.96628
207,160.0,SA-ScenarioApprox,0.9857
208,210.0,SA-ScenarioApprox,0.98704
209,260.0,SA-ScenarioApprox,0.98438
210,10.0,SA-ScenarioApprox,0.66484
211,60.0,SA-ScenarioApprox,0.96251
212,110.0,SA-ScenarioApprox,0.96879
213,160.0,SA-ScenarioApprox,0.96146
214,210.0,SA-ScenarioApprox,0.98664
215,260.0,SA-ScenarioApprox,0.98707
216,10.0,SA-ScenarioApprox,0.76857
217,60.0,SA-ScenarioApprox,0.93683
218,110.0,SA-ScenarioApprox,0.94977
219,160.0,SA-ScenarioApprox,0.96005
220,210.0,SA-ScenarioApprox,0.98714
221,260.0,SA-ScenarioApprox,0.97923
222,10.0,SA-ScenarioApprox,0.674
223,60.0,SA-ScenarioApprox,0.95815
224,110.0,SA-ScenarioApprox,0.97598
225,160.0,SA-ScenarioApprox,0.98549
226,210.0,SA-ScenarioApprox,0.96163
227,260.0,SA-ScenarioApprox,0.99592
228,10.0,SA-ScenarioApprox,0.72703
229,60.0,SA-ScenarioApprox,0.95599
230,110.0,SA-ScenarioApprox,0.97747
231,160.0,SA-ScenarioApprox,0.96839
232,210.0,SA-ScenarioApprox,0.97198
233,260.0,SA-ScenarioApprox,0.98009
234,10.0,SA-ScenarioApprox,0.44083
235,60.0,SA-ScenarioApprox,0.92201
236,110.0,SA-ScenarioApprox,0.95416
237,160.0,SA-ScenarioApprox,0.97068
238,210.0,SA-ScenarioApprox,0.97256
239,260.0,SA-ScenarioApprox,0.9809
240,10.0,SA-ScenarioApprox,0.88846
241,60.0,SA-ScenarioApprox,0.92338
242,110.0,SA-ScenarioApprox,0.96646
243,160.0,SA-ScenarioApprox,0.98311
244,210.0,SA-ScenarioApprox,0.97729
245,260.0,SA-ScenarioApprox,0.97591
246,10.0,SA-ScenarioApprox,0.68417
247,60.0,SA-ScenarioApprox,0.91729
248,110.0,SA-ScenarioApprox,0.96207
249,160.0,SA-ScenarioApprox,0.94995
250,210.0,SA-ScenarioApprox,0.98514
251,260.0,SA-ScenarioApprox,0.99105
252,10.0,SA-ScenarioApprox,0.73637
253,60.0,SA-ScenarioApprox,0.86789
254,110.0,SA-ScenarioApprox,0.95274
255,160.0,SA-ScenarioApprox,0.96893
256,210.0,SA-ScenarioApprox,0.98397
257,260.0,SA-ScenarioApprox,0.98052
258,10.0,SA-ScenarioApprox,0.43779
259,60.0,SA-ScenarioApprox,0.97253
260,110.0,SA-ScenarioApprox,0.9605
261,160.0,SA-ScenarioApprox,0.97819
262,210.0,SA-ScenarioApprox,0.97591
263,260.0,SA-ScenarioApprox,0.97689
264,10.0,SA-ScenarioApprox,0.71267
265,60.0,SA-ScenarioApprox,0.95489
266,110.0,SA-ScenarioApprox,0.91789
267,160.0,SA-ScenarioApprox,0.97473
268,210.0,SA-ScenarioApprox,0.99326
269,260.0,SA-ScenarioApprox,0.98825
270,10.0,SA-ScenarioApprox,0.70968
271,60.0,SA-ScenarioApprox,0.94757
272,110.0,SA-ScenarioApprox,0.97362
273,160.0,SA-ScenarioApprox,0.97748
274,210.0,SA-ScenarioApprox,0.97899
275,260.0,SA-ScenarioApprox,0.98306
276,10.0,SA-ScenarioApprox,0.7814
277,60.0,SA-ScenarioApprox,0.93241
278,110.0,SA-ScenarioApprox,0.9616
279,160.0,SA-ScenarioApprox,0.96948
280,210.0,SA-ScenarioApprox,0.95003
281,260.0,SA-ScenarioApprox,0.98823
282,10.0,SA-ScenarioApprox,0.53822
283,60.0,SA-ScenarioApprox,0.89305
284,110.0,SA-ScenarioApprox,0.95281
285,160.0,SA-ScenarioApprox,0.98143
286,210.0,SA-ScenarioApprox,0.96098
287,260.0,SA-ScenarioApprox,0.98302
288,10.0,SA-ScenarioApprox,0.82968
289,60.0,SA-ScenarioApprox,0.91474
290,110.0,SA-ScenarioApprox,0.97262
291,160.0,SA-ScenarioApprox,0.97853
292,210.0,SA-ScenarioApprox,0.98181
293,260.0,SA-ScenarioApprox,0.98263
294,10.0,SA-ScenarioApprox,0.72156
295,60.0,SA-ScenarioApprox,0.95106
296,110.0,SA-ScenarioApprox,0.98332
297,160.0,SA-ScenarioApprox,0.97823
298,210.0,SA-ScenarioApprox,0.99091
299,260.0,SA-ScenarioApprox,0.97291
300,10.0,SA-ScenarioApprox,0.72829
301,60.0,SA-ScenarioApprox,0.91619
302,110.0,SA-ScenarioApprox,0.97753
303,160.0,SA-ScenarioApprox,0.98359
304,210.0,SA-ScenarioApprox,0.97847
305,260.0,SA-ScenarioApprox,0.98662
306,10.0,SA-ScenarioApprox,0.67542
307,60.0,SA-ScenarioApprox,0.95605
308,110.0,SA-ScenarioApprox,0.98202
309,160.0,SA-ScenarioApprox,0.9905
310,210.0,SA-ScenarioApprox,0.97596
311,260.0,SA-ScenarioApprox,0.9701
312,10.0,SA-ScenarioApprox,0.72583
313,60.0,SA-ScenarioApprox,0.97597
314,110.0,SA-ScenarioApprox,0.96845
315,160.0,SA-ScenarioApprox,0.97738
316,210.0,SA-ScenarioApprox,0.98166
317,260.0,SA-ScenarioApprox,0.96528
318,10.0,SA-ScenarioApprox,0.66078
319,60.0,SA-ScenarioApprox,0.95515
320,110.0,SA-ScenarioApprox,0.96068
321,160.0,SA-ScenarioApprox,0.97865
322,210.0,SA-ScenarioApprox,0.98345
323,260.0,SA-ScenarioApprox,0.98151
324,10.0,SA-ScenarioApprox,0.83201
325,60.0,SA-ScenarioApprox,0.95597
326,110.0,SA-ScenarioApprox,0.95339
327,160.0,SA-ScenarioApprox,0.96348
328,210.0,SA-ScenarioApprox,0.99146
329,260.0,SA-ScenarioApprox,0.96257
330,10.0,SA-ScenarioApprox,0.34133
331,60.0,SA-ScenarioApprox,0.94349
332,110.0,SA-ScenarioApprox,0.96114
333,160.0,SA-ScenarioApprox,0.95252
334,210.0,SA-ScenarioApprox,0.95994
335,260.0,SA-ScenarioApprox,0.98278
336,10.0,SA-ScenarioApprox,0.72497
337,60.0,SA-ScenarioApprox,0.90025
338,110.0,SA-ScenarioApprox,0.95207
339,160.0,SA-ScenarioApprox,0.96308
340,210.0,SA-ScenarioApprox,0.97977
341,260.0,SA-ScenarioApprox,0.98115
342,10.0,SA-ScenarioApprox,0.85614
343,60.0,SA-ScenarioApprox,0.87593
344,110.0,SA-ScenarioApprox,0.979
345,160.0,SA-ScenarioApprox,0.98164
346,210.0,SA-ScenarioApprox,0.98941
347,260.0,SA-ScenarioApprox,0.96289
348,10.0,SA-ScenarioApprox,0.75623
349,60.0,SA-ScenarioApprox,0.97631
350,110.0,SA-ScenarioApprox,0.93783
351,160.0,SA-ScenarioApprox,0.98432
352,210.0,SA-ScenarioApprox,0.97204
353,260.0,SA-ScenarioApprox,0.98822
354,10.0,SA-ScenarioApprox,0.72691
355,60.0,SA-ScenarioApprox,0.92728
356,110.0,SA-ScenarioApprox,0.9559
357,160.0,SA-ScenarioApprox,0.97396
358,210.0,SA-ScenarioApprox,0.99106
359,260.0,SA-ScenarioApprox,0.97903
360,10.0,SA-ScenarioApprox,0.67351
361,60.0,SA-ScenarioApprox,0.92489
362,110.0,SA-ScenarioApprox,0.93573
363,160.0,SA-ScenarioApprox,0.97281
364,210.0,SA-ScenarioApprox,0.96591
365,260.0,SA-ScenarioApprox,0.97353
366,10.0,SA-ScenarioApprox,0.53543
367,60.0,SA-ScenarioApprox,0.89189
368,110.0,SA-ScenarioApprox,0.95063
369,160.0,SA-ScenarioApprox,0.98096
370,210.0,SA-ScenarioApprox,0.97872
371,260.0,SA-ScenarioApprox,0.98744
372,10.0,SA-ScenarioApprox,0.60602
373,60.0,SA-ScenarioApprox,0.98087
374,110.0,SA-ScenarioApprox,0.90603
375,160.0,SA-ScenarioApprox,0.98139
376,210.0,SA-ScenarioApprox,0.98567
377,260.0,SA-ScenarioApprox,0.99245
378,10.0,SA-ScenarioApprox,0.64784
379,60.0,SA-ScenarioApprox,0.92754
380,110.0,SA-ScenarioApprox,0.95863
381,160.0,SA-ScenarioApprox,0.98188
382,210.0,SA-ScenarioApprox,0.97912
383,260.0,SA-ScenarioApprox,0.99092
384,10.0,SA-ScenarioApprox,0.68441
385,60.0,SA-ScenarioApprox,0.94766
386,110.0,SA-ScenarioApprox,0.96136
387,160.0,SA-ScenarioApprox,0.95862
388,210.0,SA-ScenarioApprox,0.99177
389,260.0,SA-ScenarioApprox,0.98244
390,10.0,SA-ScenarioApprox,0.61832
391,60.0,SA-ScenarioApprox,0.91342
392,110.0,SA-ScenarioApprox,0.95382
393,160.0,SA-ScenarioApprox,0.97864
394,210.0,SA-ScenarioApprox,0.97095
395,260.0,SA-ScenarioApprox,0.99386
396,10.0,SA-ScenarioApprox,0.26772
397,60.0,SA-ScenarioApprox,0.95473
398,110.0,SA-ScenarioApprox,0.9543
399,160.0,SA-ScenarioApprox,0.96407
400,210.0,SA-ScenarioApprox,0.97686
401,260.0,SA-ScenarioApprox,0.98983
402,10.0,SA-ScenarioApprox,0.53854
403,60.0,SA-ScenarioApprox,0.92963
404,110.0,SA-ScenarioApprox,0.9756
405,160.0,SA-ScenarioApprox,0.9793
406,210.0,SA-ScenarioApprox,0.97876
407,260.0,SA-ScenarioApprox,0.98076
408,10.0,SA-ScenarioApprox,0.48085
409,60.0,SA-ScenarioApprox,0.89012
410,110.0,SA-ScenarioApprox,0.95269
411,160.0,SA-ScenarioApprox,0.98842
412,210.0,SA-ScenarioApprox,0.96082
413,260.0,SA-ScenarioApprox,0.98706
414,10.0,SA-ScenarioApprox,0.48338
415,60.0,SA-ScenarioApprox,0.92591
416,110.0,SA-ScenarioApprox,0.96378
417,160.0,SA-ScenarioApprox,0.9606
418,210.0,SA-ScenarioApprox,0.98218
419,260.0,SA-ScenarioApprox,0.99094
420,10.0,SA-ScenarioApprox,0.86124
421,60.0,SA-ScenarioApprox,0.93818
422,110.0,SA-ScenarioApprox,0.96516
423,160.0,SA-ScenarioApprox,0.96176
424,210.0,SA-ScenarioApprox,0.98391
425,260.0,SA-ScenarioApprox,0.98254
426,10.0,SA-ScenarioApprox,0.80109
427,60.0,SA-ScenarioApprox,0.90836
428,110.0,SA-ScenarioApprox,0.94987
429,160.0,SA-ScenarioApprox,0.97175
430,210.0,SA-ScenarioApprox,0.98255
431,260.0,SA-ScenarioApprox,0.98392
432,10.0,SA-ScenarioApprox,0.67498
433,60.0,SA-ScenarioApprox,0.93576
434,110.0,SA-ScenarioApprox,0.97039
435,160.0,SA-ScenarioApprox,0.96272
436,210.0,SA-ScenarioApprox,0.96704
437,260.0,SA-ScenarioApprox,0.98211
438,10.0,SA-ScenarioApprox,0.7751
439,60.0,SA-ScenarioApprox,0.95443
440,110.0,SA-ScenarioApprox,0.97029
441,160.0,SA-ScenarioApprox,0.98064
442,210.0,SA-ScenarioApprox,0.977
443,260.0,SA-ScenarioApprox,0.99563
444,10.0,SA-ScenarioApprox,0.45874
445,60.0,SA-ScenarioApprox,0.92047
446,110.0,SA-ScenarioApprox,0.96318
447,160.0,SA-ScenarioApprox,0.96369
448,210.0,SA-ScenarioApprox,0.97046
449,260.0,SA-ScenarioApprox,0.96343
450,10.0,SA-ScenarioApprox,0.5037
451,60.0,SA-ScenarioApprox,0.93581
452,110.0,SA-ScenarioApprox,0.9339
453,160.0,SA-ScenarioApprox,0.97792
454,210.0,SA-ScenarioApprox,0.98595
455,260.0,SA-ScenarioApprox,0.99116
456,10.0,SA-ScenarioApprox,0.64621
457,60.0,SA-ScenarioApprox,0.9453
458,110.0,SA-ScenarioApprox,0.97267
459,160.0,SA-ScenarioApprox,0.98786
460,210.0,SA-ScenarioApprox,0.9759
461,260.0,SA-ScenarioApprox,0.99076
462,10.0,SA-ScenarioApprox,0.58653
463,60.0,SA-ScenarioApprox,0.92781
464,110.0,SA-ScenarioApprox,0.95477
465,160.0,SA-ScenarioApprox,0.96083
466,210.0,SA-ScenarioApprox,0.98279
467,260.0,SA-ScenarioApprox,0.98255
468,10.0,SA-ScenarioApprox,0.64383
469,60.0,SA-ScenarioApprox,0.95268
470,110.0,SA-ScenarioApprox,0.96944
471,160.0,SA-ScenarioApprox,0.96126
472,210.0,SA-ScenarioApprox,0.97433
473,260.0,SA-ScenarioApprox,0.98752
474,10.0,SA-ScenarioApprox,0.41797
475,60.0,SA-ScenarioApprox,0.9067
476,110.0,SA-ScenarioApprox,0.96827
477,160.0,SA-ScenarioApprox,0.96812
478,210.0,SA-ScenarioApprox,0.97568
479,260.0,SA-ScenarioApprox,0.98125
480,10.0,SA-ScenarioApprox,0.67726
481,60.0,SA-ScenarioApprox,0.86684
482,110.0,SA-ScenarioApprox,0.97669
483,160.0,SA-ScenarioApprox,0.97566
484,210.0,SA-ScenarioApprox,0.97989
485,260.0,SA-ScenarioApprox,0.97095
486,10.0,SA-ScenarioApprox,0.548
487,60.0,SA-ScenarioApprox,0.93781
488,110.0,SA-ScenarioApprox,0.975
489,160.0,SA-ScenarioApprox,0.97046
490,210.0,SA-ScenarioApprox,0.98673
491,260.0,SA-ScenarioApprox,0.98098
492,10.0,SA-ScenarioApprox,0.72717
493,60.0,SA-ScenarioApprox,0.9399
494,110.0,SA-ScenarioApprox,0.94371
495,160.0,SA-ScenarioApprox,0.9802
496,210.0,SA-ScenarioApprox,0.97443
497,260.0,SA-ScenarioApprox,0.97595
498,10.0,SA-ScenarioApprox,0.67387
499,60.0,SA-ScenarioApprox,0.96245
500,110.0,SA-ScenarioApprox,0.94639
501,160.0,SA-ScenarioApprox,0.98393
502,210.0,SA-ScenarioApprox,0.9832
503,260.0,SA-ScenarioApprox,0.99018
504,10.0,SA-ScenarioApprox,0.61934
505,60.0,SA-ScenarioApprox,0.92821
506,110.0,SA-ScenarioApprox,0.964
507,160.0,SA-ScenarioApprox,0.97568
508,210.0,SA-ScenarioApprox,0.97297
509,260.0,SA-ScenarioApprox,0.99241
510,10.0,SA-ScenarioApprox,0.4281
511,60.0,SA-ScenarioApprox,0.92492
512,110.0,SA-ScenarioApprox,0.98632
513,160.0,SA-ScenarioApprox,0.97764
514,210.0,SA-ScenarioApprox,0.98929
515,260.0,SA-ScenarioApprox,0.97379
516,10.0,SA-ScenarioApprox,0.77955
517,60.0,SA-ScenarioApprox,0.91161
518,110.0,SA-ScenarioApprox,0.9546
519,160.0,SA-ScenarioApprox,0.97714
520,210.0,SA-ScenarioApprox,0.98033
521,260.0,SA-ScenarioApprox,0.98338
522,10.0,SA-ScenarioApprox,0.7673
523,60.0,SA-ScenarioApprox,0.89094
524,110.0,SA-ScenarioApprox,0.94674
525,160.0,SA-ScenarioApprox,0.97264
526,210.0,SA-ScenarioApprox,0.98498
527,260.0,SA-ScenarioApprox,0.98991
528,10.0,SA-ScenarioApprox,0.77244
529,60.0,SA-ScenarioApprox,0.9667
530,110.0,SA-ScenarioApprox,0.98133
531,160.0,SA-ScenarioApprox,0.98156
532,210.0,SA-ScenarioApprox,0.96475
533,260.0,SA-ScenarioApprox,0.98615
534,10.0,SA-ScenarioApprox,0.66911
535,60.0,SA-ScenarioApprox,0.93722
536,110.0,SA-ScenarioApprox,0.97614
537,160.0,SA-ScenarioApprox,0.9807
538,210.0,SA-ScenarioApprox,0.98005
539,260.0,SA-ScenarioApprox,0.99098
540,10.0,SA-ScenarioApprox,0.6223
541,60.0,SA-ScenarioApprox,0.94739
542,110.0,SA-ScenarioApprox,0.97121
543,160.0,SA-ScenarioApprox,0.98357
544,210.0,SA-ScenarioApprox,0.9937
545,260.0,SA-ScenarioApprox,0.97909
546,10.0,SA-ScenarioApprox,0.63645
547,60.0,SA-ScenarioApprox,0.9245
548,110.0,SA-ScenarioApprox,0.95848
549,160.0,SA-ScenarioApprox,0.97568
550,210.0,SA-ScenarioApprox,0.98402
551,260.0,SA-ScenarioApprox,0.96918
552,10.0,SA-ScenarioApprox,0.73033
553,60.0,SA-ScenarioApprox,0.92558
554,110.0,SA-ScenarioApprox,0.95912
555,160.0,SA-ScenarioApprox,0.97504
556,210.0,SA-ScenarioApprox,0.9676
557,260.0,SA-ScenarioApprox,0.97698
558,10.0,SA-ScenarioApprox,0.78997
559,60.0,SA-ScenarioApprox,0.94148
560,110.0,SA-ScenarioApprox,0.97853
561,160.0,SA-ScenarioApprox,0.98726
562,210.0,SA-ScenarioApprox,0.96722
563,260.0,SA-ScenarioApprox,0.98583
564,10.0,SA-ScenarioApprox,0.72005
565,60.0,SA-ScenarioApprox,0.96602
566,110.0,SA-ScenarioApprox,0.95585
567,160.0,SA-ScenarioApprox,0.97434
568,210.0,SA-ScenarioApprox,0.98956
569,260.0,SA-ScenarioApprox,0.98735
570,10.0,SA-ScenarioApprox,0.79129
571,60.0,SA-ScenarioApprox,0.94862
572,110.0,SA-ScenarioApprox,0.9667
573,160.0,SA-ScenarioApprox,0.92768
574,210.0,SA-ScenarioApprox,0.97099
575,260.0,SA-ScenarioApprox,0.98491
576,10.0,SA-ScenarioApprox,0.64336
577,60.0,SA-ScenarioApprox,0.84385
578,110.0,SA-ScenarioApprox,0.97144
579,160.0,SA-ScenarioApprox,0.97098
580,210.0,SA-ScenarioApprox,0.98346
581,260.0,SA-ScenarioApprox,0.97744
582,10.0,SA-ScenarioApprox,0.73895
583,60.0,SA-ScenarioApprox,0.9112
584,110.0,SA-ScenarioApprox,0.94703
585,160.0,SA-ScenarioApprox,0.98258
586,210.0,SA-ScenarioApprox,0.97872
587,260.0,SA-ScenarioApprox,0.98611
588,10.0,SA-ScenarioApprox,0.40489
589,60.0,SA-ScenarioApprox,0.98044
590,110.0,SA-ScenarioApprox,0.98507
591,160.0,SA-ScenarioApprox,0.98218
592,210.0,SA-ScenarioApprox,0.98473
593,260.0,SA-ScenarioApprox,0.98624
594,10.0,SA-ScenarioApprox,0.51091
595,60.0,SA-ScenarioApprox,0.91651
596,110.0,SA-ScenarioApprox,0.92654
597,160.0,SA-ScenarioApprox,0.96676
598,210.0,SA-ScenarioApprox,0.98424
599,260.0,SA-ScenarioApprox,0.97127
0,10.0,SAIS-ScenarioApproxImportanceSampling,0.63404
1,60.0,SAIS-ScenarioApproxImportanceSampling,0.98831
2,110.0,SAIS-ScenarioApproxImportanceSampling,0.98855
3,160.0,SAIS-ScenarioApproxImportanceSampling,0.9949
4,210.0,SAIS-ScenarioApproxImportanceSampling,0.98785
5,260.0,SAIS-ScenarioApproxImportanceSampling,0.9945
6,10.0,SAIS-ScenarioApproxImportanceSampling,0.89849
7,60.0,SAIS-ScenarioApproxImportanceSampling,0.97681
8,110.0,SAIS-ScenarioApproxImportanceSampling,0.98246
9,160.0,SAIS-ScenarioApproxImportanceSampling,0.99378
10,210.0,SAIS-ScenarioApproxImportanceSampling,0.9843
11,260.0,SAIS-ScenarioApproxImportanceSampling,0.99277
12,10.0,SAIS-ScenarioApproxImportanceSampling,0.66301
13,60.0,SAIS-ScenarioApproxImportanceSampling,0.97598
14,110.0,SAIS-ScenarioApproxImportanceSampling,0.98315
15,160.0,SAIS-ScenarioApproxImportanceSampling,0.99109
16,210.0,SAIS-ScenarioApproxImportanceSampling,0.99186
17,260.0,SAIS-ScenarioApproxImportanceSampling,0.99647
18,10.0,SAIS-ScenarioApproxImportanceSampling,0.35952
19,60.0,SAIS-ScenarioApproxImportanceSampling,0.99109
20,110.0,SAIS-ScenarioApproxImportanceSampling,0.99554
21,160.0,SAIS-ScenarioApproxImportanceSampling,0.98672
22,210.0,SAIS-ScenarioApproxImportanceSampling,0.99241
23,260.0,SAIS-ScenarioApproxImportanceSampling,0.99201
24,10.0,SAIS-ScenarioApproxImportanceSampling,0.8684
25,60.0,SAIS-ScenarioApproxImportanceSampling,0.98557
26,110.0,SAIS-ScenarioApproxImportanceSampling,0.99162
27,160.0,SAIS-ScenarioApproxImportanceSampling,0.99586
28,210.0,SAIS-ScenarioApproxImportanceSampling,0.99263
29,260.0,SAIS-ScenarioApproxImportanceSampling,0.99407
30,10.0,SAIS-ScenarioApproxImportanceSampling,0.88438
31,60.0,SAIS-ScenarioApproxImportanceSampling,0.96518
32,110.0,SAIS-ScenarioApproxImportanceSampling,0.98108
33,160.0,SAIS-ScenarioApproxImportanceSampling,0.99186
34,210.0,SAIS-ScenarioApproxImportanceSampling,0.98562
35,260.0,SAIS-ScenarioApproxImportanceSampling,0.99054
36,10.0,SAIS-ScenarioApproxImportanceSampling,0.7305
37,60.0,SAIS-ScenarioApproxImportanceSampling,0.95552
38,110.0,SAIS-ScenarioApproxImportanceSampling,0.99514
39,160.0,SAIS-ScenarioApproxImportanceSampling,0.99359
40,210.0,SAIS-ScenarioApproxImportanceSampling,0.98349
41,260.0,SAIS-ScenarioApproxImportanceSampling,0.99574
42,10.0,SAIS-ScenarioApproxImportanceSampling,0.72461
43,60.0,SAIS-ScenarioApproxImportanceSampling,0.95518
44,110.0,SAIS-ScenarioApproxImportanceSampling,0.98298
45,160.0,SAIS-ScenarioApproxImportanceSampling,0.99203
46,210.0,SAIS-ScenarioApproxImportanceSampling,0.99569
47,260.0,SAIS-ScenarioApproxImportanceSampling,0.98982
48,10.0,SAIS-ScenarioApproxImportanceSampling,0.92279
49,60.0,SAIS-ScenarioApproxImportanceSampling,0.98078
50,110.0,SAIS-ScenarioApproxImportanceSampling,0.99312
51,160.0,SAIS-ScenarioApproxImportanceSampling,0.99179
52,210.0,SAIS-ScenarioApproxImportanceSampling,0.9947
53,260.0,SAIS-ScenarioApproxImportanceSampling,0.99529
54,10.0,SAIS-ScenarioApproxImportanceSampling,0.84836
55,60.0,SAIS-ScenarioApproxImportanceSampling,0.98862
56,110.0,SAIS-ScenarioApproxImportanceSampling,0.9755
57,160.0,SAIS-ScenarioApproxImportanceSampling,0.98869
58,210.0,SAIS-ScenarioApproxImportanceSampling,0.99335
59,260.0,SAIS-ScenarioApproxImportanceSampling,0.98988
60,10.0,SAIS-ScenarioApproxImportanceSampling,0.69695
61,60.0,SAIS-ScenarioApproxImportanceSampling,0.97313
62,110.0,SAIS-ScenarioApproxImportanceSampling,0.97955
63,160.0,SAIS-ScenarioApproxImportanceSampling,0.98515
64,210.0,SAIS-ScenarioApproxImportanceSampling,0.99668
65,260.0,SAIS-ScenarioApproxImportanceSampling,0.99728
66,10.0,SAIS-ScenarioApproxImportanceSampling,0.78271
67,60.0,SAIS-ScenarioApproxImportanceSampling,0.96506
68,110.0,SAIS-ScenarioApproxImportanceSampling,0.93976
69,160.0,SAIS-ScenarioApproxImportanceSampling,0.98826
70,210.0,SAIS-ScenarioApproxImportanceSampling,0.99171
71,260.0,SAIS-ScenarioApproxImportanceSampling,0.9937
72,10.0,SAIS-ScenarioApproxImportanceSampling,0.72497
73,60.0,SAIS-ScenarioApproxImportanceSampling,0.97934
74,110.0,SAIS-ScenarioApproxImportanceSampling,0.97106
75,160.0,SAIS-ScenarioApproxImportanceSampling,0.9861
76,210.0,SAIS-ScenarioApproxImportanceSampling,0.99334
77,260.0,SAIS-ScenarioApproxImportanceSampling,0.99328
78,10.0,SAIS-ScenarioApproxImportanceSampling,0.84137
79,60.0,SAIS-ScenarioApproxImportanceSampling,0.97616
80,110.0,SAIS-ScenarioApproxImportanceSampling,0.99773
81,160.0,SAIS-ScenarioApproxImportanceSampling,0.98807
82,210.0,SAIS-ScenarioApproxImportanceSampling,0.98289
83,260.0,SAIS-ScenarioApproxImportanceSampling,0.99798
84,10.0,SAIS-ScenarioApproxImportanceSampling,0.78147
85,60.0,SAIS-ScenarioApproxImportanceSampling,0.97148
86,110.0,SAIS-ScenarioApproxImportanceSampling,0.99308
87,160.0,SAIS-ScenarioApproxImportanceSampling,0.99468
88,210.0,SAIS-ScenarioApproxImportanceSampling,0.99008
89,260.0,SAIS-ScenarioApproxImportanceSampling,0.99562
90,10.0,SAIS-ScenarioApproxImportanceSampling,0.91573
91,60.0,SAIS-ScenarioApproxImportanceSampling,0.97296
92,110.0,SAIS-ScenarioApproxImportanceSampling,0.99007
93,160.0,SAIS-ScenarioApproxImportanceSampling,0.98807
94,210.0,SAIS-ScenarioApproxImportanceSampling,0.99292
95,260.0,SAIS-ScenarioApproxImportanceSampling,0.99859
96,10.0,SAIS-ScenarioApproxImportanceSampling,0.94566
97,60.0,SAIS-ScenarioApproxImportanceSampling,0.97336
98,110.0,SAIS-ScenarioApproxImportanceSampling,0.97424
99,160.0,SAIS-ScenarioApproxImportanceSampling,0.98725
100,210.0,SAIS-ScenarioApproxImportanceSampling,0.98809
101,260.0,SAIS-ScenarioApproxImportanceSampling,0.99196
102,10.0,SAIS-ScenarioApproxImportanceSampling,0.8117
103,60.0,SAIS-ScenarioApproxImportanceSampling,0.97414
104,110.0,SAIS-ScenarioApproxImportanceSampling,0.97044
105,160.0,SAIS-ScenarioApproxImportanceSampling,0.98535
106,210.0,SAIS-ScenarioApproxImportanceSampling,0.99315
107,260.0,SAIS-ScenarioApproxImportanceSampling,0.99355
108,10.0,SAIS-ScenarioApproxImportanceSampling,0.86493
109,60.0,SAIS-ScenarioApproxImportanceSampling,0.93613
110,110.0,SAIS-ScenarioApproxImportanceSampling,0.988
111,160.0,SAIS-ScenarioApproxImportanceSampling,0.99279
112,210.0,SAIS-ScenarioApproxImportanceSampling,0.99421
113,260.0,SAIS-ScenarioApproxImportanceSampling,0.98869
114,10.0,SAIS-ScenarioApproxImportanceSampling,0.85906
115,60.0,SAIS-ScenarioApproxImportanceSampling,0.98999
116,110.0,SAIS-ScenarioApproxImportanceSampling,0.98076
117,160.0,SAIS-ScenarioApproxImportanceSampling,0.9939
118,210.0,SAIS-ScenarioApproxImportanceSampling,0.98984
119,260.0,SAIS-ScenarioApproxImportanceSampling,0.99625
120,10.0,SAIS-ScenarioApproxImportanceSampling,0.8292
121,60.0,SAIS-ScenarioApproxImportanceSampling,0.97387
122,110.0,SAIS-ScenarioApproxImportanceSampling,0.98257
123,160.0,SAIS-ScenarioApproxImportanceSampling,0.99199
124,210.0,SAIS-ScenarioApproxImportanceSampling,0.99416
125,260.0,SAIS-ScenarioApproxImportanceSampling,0.99777
126,10.0,SAIS-ScenarioApproxImportanceSampling,0.9385
127,60.0,SAIS-ScenarioApproxImportanceSampling,0.98272
128,110.0,SAIS-ScenarioApproxImportanceSampling,0.97231
129,160.0,SAIS-ScenarioApproxImportanceSampling,0.98871
130,210.0,SAIS-ScenarioApproxImportanceSampling,0.99912
131,260.0,SAIS-ScenarioApproxImportanceSampling,0.99098
132,10.0,SAIS-ScenarioApproxImportanceSampling,0.76797
133,60.0,SAIS-ScenarioApproxImportanceSampling,0.97474
134,110.0,SAIS-ScenarioApproxImportanceSampling,0.98017
135,160.0,SAIS-ScenarioApproxImportanceSampling,0.99244
136,210.0,SAIS-ScenarioApproxImportanceSampling,0.99574
137,260.0,SAIS-ScenarioApproxImportanceSampling,0.99292
138,10.0,SAIS-ScenarioApproxImportanceSampling,0.75282
139,60.0,SAIS-ScenarioApproxImportanceSampling,0.9822
140,110.0,SAIS-ScenarioApproxImportanceSampling,0.99215
141,160.0,SAIS-ScenarioApproxImportanceSampling,0.9785
142,210.0,SAIS-ScenarioApproxImportanceSampling,0.99669
143,260.0,SAIS-ScenarioApproxImportanceSampling,0.99328
144,10.0,SAIS-ScenarioApproxImportanceSampling,0.73582
145,60.0,SAIS-ScenarioApproxImportanceSampling,0.93958
146,110.0,SAIS-ScenarioApproxImportanceSampling,0.99067
147,160.0,SAIS-ScenarioApproxImportanceSampling,0.98571
148,210.0,SAIS-ScenarioApproxImportanceSampling,0.99365
149,260.0,SAIS-ScenarioApproxImportanceSampling,0.99485
150,10.0,SAIS-ScenarioApproxImportanceSampling,0.91399
151,60.0,SAIS-ScenarioApproxImportanceSampling,0.96836
152,110.0,SAIS-ScenarioApproxImportanceSampling,0.98997
153,160.0,SAIS-ScenarioApproxImportanceSampling,0.98889
154,210.0,SAIS-ScenarioApproxImportanceSampling,0.98578
155,260.0,SAIS-ScenarioApproxImportanceSampling,0.99327
156,10.0,SAIS-ScenarioApproxImportanceSampling,0.94077
157,60.0,SAIS-ScenarioApproxImportanceSampling,0.97227
158,110.0,SAIS-ScenarioApproxImportanceSampling,0.99354
159,160.0,SAIS-ScenarioApproxImportanceSampling,0.98998
160,210.0,SAIS-ScenarioApproxImportanceSampling,0.99306
161,260.0,SAIS-ScenarioApproxImportanceSampling,0.99609
162,10.0,SAIS-ScenarioApproxImportanceSampling,0.7915
163,60.0,SAIS-ScenarioApproxImportanceSampling,0.99243
164,110.0,SAIS-ScenarioApproxImportanceSampling,0.99541
165,160.0,SAIS-ScenarioApproxImportanceSampling,0.99075
166,210.0,SAIS-ScenarioApproxImportanceSampling,0.99385
167,260.0,SAIS-ScenarioApproxImportanceSampling,0.9971
168,10.0,SAIS-ScenarioApproxImportanceSampling,0.80756
169,60.0,SAIS-ScenarioApproxImportanceSampling,0.98521
170,110.0,SAIS-ScenarioApproxImportanceSampling,0.9836
171,160.0,SAIS-ScenarioApproxImportanceSampling,0.98678
172,210.0,SAIS-ScenarioApproxImportanceSampling,0.99509
173,260.0,SAIS-ScenarioApproxImportanceSampling,0.99482
174,10.0,SAIS-ScenarioApproxImportanceSampling,0.67573
175,60.0,SAIS-ScenarioApproxImportanceSampling,0.95958
176,110.0,SAIS-ScenarioApproxImportanceSampling,0.97668
177,160.0,SAIS-ScenarioApproxImportanceSampling,0.9886
178,210.0,SAIS-ScenarioApproxImportanceSampling,0.9912
179,260.0,SAIS-ScenarioApproxImportanceSampling,0.99419
180,10.0,SAIS-ScenarioApproxImportanceSampling,0.81018
181,60.0,SAIS-ScenarioApproxImportanceSampling,0.97443
182,110.0,SAIS-ScenarioApproxImportanceSampling,0.98736
183,160.0,SAIS-ScenarioApproxImportanceSampling,0.98818
184,210.0,SAIS-ScenarioApproxImportanceSampling,0.99415
185,260.0,SAIS-ScenarioApproxImportanceSampling,0.98789
186,10.0,SAIS-ScenarioApproxImportanceSampling,0.85796
187,60.0,SAIS-ScenarioApproxImportanceSampling,0.96491
188,110.0,SAIS-ScenarioApproxImportanceSampling,0.98558
189,160.0,SAIS-ScenarioApproxImportanceSampling,0.99043
190,210.0,SAIS-ScenarioApproxImportanceSampling,0.99363
191,260.0,SAIS-ScenarioApproxImportanceSampling,0.99684
192,10.0,SAIS-ScenarioApproxImportanceSampling,0.80794
193,60.0,SAIS-ScenarioApproxImportanceSampling,0.9867
194,110.0,SAIS-ScenarioApproxImportanceSampling,0.98616
195,160.0,SAIS-ScenarioApproxImportanceSampling,0.99288
196,210.0,SAIS-ScenarioApproxImportanceSampling,0.9977
197,260.0,SAIS-ScenarioApproxImportanceSampling,0.99389
198,10.0,SAIS-ScenarioApproxImportanceSampling,0.77973
199,60.0,SAIS-ScenarioApproxImportanceSampling,0.9693
200,110.0,SAIS-ScenarioApproxImportanceSampling,0.98006
201,160.0,SAIS-ScenarioApproxImportanceSampling,0.98197
202,210.0,SAIS-ScenarioApproxImportanceSampling,0.99027
203,260.0,SAIS-ScenarioApproxImportanceSampling,0.99129
204,10.0,SAIS-ScenarioApproxImportanceSampling,0.82293
205,60.0,SAIS-ScenarioApproxImportanceSampling,0.979
206,110.0,SAIS-ScenarioApproxImportanceSampling,0.99191
207,160.0,SAIS-ScenarioApproxImportanceSampling,0.99138
208,210.0,SAIS-ScenarioApproxImportanceSampling,0.99774
209,260.0,SAIS-ScenarioApproxImportanceSampling,0.99527
210,10.0,SAIS-ScenarioApproxImportanceSampling,0.83
211,60.0,SAIS-ScenarioApproxImportanceSampling,0.96931
212,110.0,SAIS-ScenarioApproxImportanceSampling,0.94336
213,160.0,SAIS-ScenarioApproxImportanceSampling,0.99773
214,210.0,SAIS-ScenarioApproxImportanceSampling,0.99107
215,260.0,SAIS-ScenarioApproxImportanceSampling,0.99199
216,10.0,SAIS-ScenarioApproxImportanceSampling,0.85683
217,60.0,SAIS-ScenarioApproxImportanceSampling,0.97936
218,110.0,SAIS-ScenarioApproxImportanceSampling,0.9942
219,160.0,SAIS-ScenarioApproxImportanceSampling,0.98939
220,210.0,SAIS-ScenarioApproxImportanceSampling,0.98828
221,260.0,SAIS-ScenarioApproxImportanceSampling,0.99853
222,10.0,SAIS-ScenarioApproxImportanceSampling,0.67369
223,60.0,SAIS-ScenarioApproxImportanceSampling,0.95803
224,110.0,SAIS-ScenarioApproxImportanceSampling,0.98644
225,160.0,SAIS-ScenarioApproxImportanceSampling,0.97222
226,210.0,SAIS-ScenarioApproxImportanceSampling,0.99362
227,260.0,SAIS-ScenarioApproxImportanceSampling,0.9974
228,10.0,SAIS-ScenarioApproxImportanceSampling,0.5619
229,60.0,SAIS-ScenarioApproxImportanceSampling,0.98042
230,110.0,SAIS-ScenarioApproxImportanceSampling,0.98581
231,160.0,SAIS-ScenarioApproxImportanceSampling,0.99432
232,210.0,SAIS-ScenarioApproxImportanceSampling,0.99091
233,260.0,SAIS-ScenarioApproxImportanceSampling,0.99802
234,10.0,SAIS-ScenarioApproxImportanceSampling,0.92908
235,60.0,SAIS-ScenarioApproxImportanceSampling,0.96139
236,110.0,SAIS-ScenarioApproxImportanceSampling,0.99485
237,160.0,SAIS-ScenarioApproxImportanceSampling,0.99264
238,210.0,SAIS-ScenarioApproxImportanceSampling,0.99289
239,260.0,SAIS-ScenarioApproxImportanceSampling,0.99587
240,10.0,SAIS-ScenarioApproxImportanceSampling,0.77181
241,60.0,SAIS-ScenarioApproxImportanceSampling,0.93059
242,110.0,SAIS-ScenarioApproxImportanceSampling,0.99197
243,160.0,SAIS-ScenarioApproxImportanceSampling,0.98563
244,210.0,SAIS-ScenarioApproxImportanceSampling,0.99807
245,260.0,SAIS-ScenarioApproxImportanceSampling,0.99481
246,10.0,SAIS-ScenarioApproxImportanceSampling,0.68659
247,60.0,SAIS-ScenarioApproxImportanceSampling,0.98482
248,110.0,SAIS-ScenarioApproxImportanceSampling,0.99112
249,160.0,SAIS-ScenarioApproxImportanceSampling,0.99138
250,210.0,SAIS-ScenarioApproxImportanceSampling,0.99072
251,260.0,SAIS-ScenarioApproxImportanceSampling,0.99324
252,10.0,SAIS-ScenarioApproxImportanceSampling,0.85709
253,60.0,SAIS-ScenarioApproxImportanceSampling,0.97164
254,110.0,SAIS-ScenarioApproxImportanceSampling,0.99063
255,160.0,SAIS-ScenarioApproxImportanceSampling,0.97445
256,210.0,SAIS-ScenarioApproxImportanceSampling,0.99001
257,260.0,SAIS-ScenarioApproxImportanceSampling,0.99355
258,10.0,SAIS-ScenarioApproxImportanceSampling,0.88015
259,60.0,SAIS-ScenarioApproxImportanceSampling,0.95744
260,110.0,SAIS-ScenarioApproxImportanceSampling,0.9874
261,160.0,SAIS-ScenarioApproxImportanceSampling,0.99164
262,210.0,SAIS-ScenarioApproxImportanceSampling,0.98855
263,260.0,SAIS-ScenarioApproxImportanceSampling,0.99472
264,10.0,SAIS-ScenarioApproxImportanceSampling,0.75055
265,60.0,SAIS-ScenarioApproxImportanceSampling,0.96645
266,110.0,SAIS-ScenarioApproxImportanceSampling,0.99445
267,160.0,SAIS-ScenarioApproxImportanceSampling,0.99542
268,210.0,SAIS-ScenarioApproxImportanceSampling,0.98908
269,260.0,SAIS-ScenarioApproxImportanceSampling,0.99366
270,10.0,SAIS-ScenarioApproxImportanceSampling,0.78016
271,60.0,SAIS-ScenarioApproxImportanceSampling,0.97524
272,110.0,SAIS-ScenarioApproxImportanceSampling,0.98515
273,160.0,SAIS-ScenarioApproxImportanceSampling,0.99548
274,210.0,SAIS-ScenarioApproxImportanceSampling,0.98449
275,260.0,SAIS-ScenarioApproxImportanceSampling,0.99389
276,10.0,SAIS-ScenarioApproxImportanceSampling,0.75661
277,60.0,SAIS-ScenarioApproxImportanceSampling,0.96757
278,110.0,SAIS-ScenarioApproxImportanceSampling,0.98711
279,160.0,SAIS-ScenarioApproxImportanceSampling,0.99149
280,210.0,SAIS-ScenarioApproxImportanceSampling,0.99532
281,260.0,SAIS-ScenarioApproxImportanceSampling,0.99854
282,10.0,SAIS-ScenarioApproxImportanceSampling,0.59286
283,60.0,SAIS-ScenarioApproxImportanceSampling,0.95891
284,110.0,SAIS-ScenarioApproxImportanceSampling,0.99081
285,160.0,SAIS-ScenarioApproxImportanceSampling,0.98359
286,210.0,SAIS-ScenarioApproxImportanceSampling,0.9934
287,260.0,SAIS-ScenarioApproxImportanceSampling,0.99369
288,10.0,SAIS-ScenarioApproxImportanceSampling,0.80461
289,60.0,SAIS-ScenarioApproxImportanceSampling,0.96185
290,110.0,SAIS-ScenarioApproxImportanceSampling,0.98059
291,160.0,SAIS-ScenarioApproxImportanceSampling,0.98766
292,210.0,SAIS-ScenarioApproxImportanceSampling,0.99759
293,260.0,SAIS-ScenarioApproxImportanceSampling,0.98192
294,10.0,SAIS-ScenarioApproxImportanceSampling,0.85454
295,60.0,SAIS-ScenarioApproxImportanceSampling,0.97843
296,110.0,SAIS-ScenarioApproxImportanceSampling,0.98197
297,160.0,SAIS-ScenarioApproxImportanceSampling,0.98781
298,210.0,SAIS-ScenarioApproxImportanceSampling,0.99323
299,260.0,SAIS-ScenarioApproxImportanceSampling,0.99608
300,10.0,SAIS-ScenarioApproxImportanceSampling,0.83435
301,60.0,SAIS-ScenarioApproxImportanceSampling,0.94687
302,110.0,SAIS-ScenarioApproxImportanceSampling,0.99004
303,160.0,SAIS-ScenarioApproxImportanceSampling,0.991
304,210.0,SAIS-ScenarioApproxImportanceSampling,0.99774
305,260.0,SAIS-ScenarioApproxImportanceSampling,0.9979
306,10.0,SAIS-ScenarioApproxImportanceSampling,0.7895
307,60.0,SAIS-ScenarioApproxImportanceSampling,0.99009
308,110.0,SAIS-ScenarioApproxImportanceSampling,0.98888
309,160.0,SAIS-ScenarioApproxImportanceSampling,0.98798
310,210.0,SAIS-ScenarioApproxImportanceSampling,0.99395
311,260.0,SAIS-ScenarioApproxImportanceSampling,0.99311
312,10.0,SAIS-ScenarioApproxImportanceSampling,0.31145
313,60.0,SAIS-ScenarioApproxImportanceSampling,0.9655
314,110.0,SAIS-ScenarioApproxImportanceSampling,0.97963
315,160.0,SAIS-ScenarioApproxImportanceSampling,0.99005
316,210.0,SAIS-ScenarioApproxImportanceSampling,0.98188
317,260.0,SAIS-ScenarioApproxImportanceSampling,0.99286
318,10.0,SAIS-ScenarioApproxImportanceSampling,0.75558
319,60.0,SAIS-ScenarioApproxImportanceSampling,0.98897
320,110.0,SAIS-ScenarioApproxImportanceSampling,0.98305
321,160.0,SAIS-ScenarioApproxImportanceSampling,0.99624
322,210.0,SAIS-ScenarioApproxImportanceSampling,0.99154
323,260.0,SAIS-ScenarioApproxImportanceSampling,0.99283
324,10.0,SAIS-ScenarioApproxImportanceSampling,0.88761
325,60.0,SAIS-ScenarioApproxImportanceSampling,0.93594
326,110.0,SAIS-ScenarioApproxImportanceSampling,0.99023
327,160.0,SAIS-ScenarioApproxImportanceSampling,0.97707
328,210.0,SAIS-ScenarioApproxImportanceSampling,0.99738
329,260.0,SAIS-ScenarioApproxImportanceSampling,0.99628
330,10.0,SAIS-ScenarioApproxImportanceSampling,0.88623
331,60.0,SAIS-ScenarioApproxImportanceSampling,0.98079
332,110.0,SAIS-ScenarioApproxImportanceSampling,0.98118
333,160.0,SAIS-ScenarioApproxImportanceSampling,0.99548
334,210.0,SAIS-ScenarioApproxImportanceSampling,0.99797
335,260.0,SAIS-ScenarioApproxImportanceSampling,0.99685
336,10.0,SAIS-ScenarioApproxImportanceSampling,0.69037
337,60.0,SAIS-ScenarioApproxImportanceSampling,0.97318
338,110.0,SAIS-ScenarioApproxImportanceSampling,0.99446
339,160.0,SAIS-ScenarioApproxImportanceSampling,0.99448
340,210.0,SAIS-ScenarioApproxImportanceSampling,0.99243
341,260.0,SAIS-ScenarioApproxImportanceSampling,0.99424
342,10.0,SAIS-ScenarioApproxImportanceSampling,0.70612
343,60.0,SAIS-ScenarioApproxImportanceSampling,0.96031
344,110.0,SAIS-ScenarioApproxImportanceSampling,0.98853
345,160.0,SAIS-ScenarioApproxImportanceSampling,0.99441
346,210.0,SAIS-ScenarioApproxImportanceSampling,0.99277
347,260.0,SAIS-ScenarioApproxImportanceSampling,0.99283
348,10.0,SAIS-ScenarioApproxImportanceSampling,0.78
349,60.0,SAIS-ScenarioApproxImportanceSampling,0.98206
350,110.0,SAIS-ScenarioApproxImportanceSampling,0.97895
351,160.0,SAIS-ScenarioApproxImportanceSampling,0.99318
352,210.0,SAIS-ScenarioApproxImportanceSampling,0.99477
353,260.0,SAIS-ScenarioApproxImportanceSampling,0.9949
354,10.0,SAIS-ScenarioApproxImportanceSampling,0.85087
355,60.0,SAIS-ScenarioApproxImportanceSampling,0.93858
356,110.0,SAIS-ScenarioApproxImportanceSampling,0.98961
357,160.0,SAIS-ScenarioApproxImportanceSampling,0.99194
358,210.0,SAIS-ScenarioApproxImportanceSampling,0.99537
359,260.0,SAIS-ScenarioApproxImportanceSampling,0.99458
360,10.0,SAIS-ScenarioApproxImportanceSampling,0.75832
361,60.0,SAIS-ScenarioApproxImportanceSampling,0.97245
362,110.0,SAIS-ScenarioApproxImportanceSampling,0.99224
363,160.0,SAIS-ScenarioApproxImportanceSampling,0.96381
364,210.0,SAIS-ScenarioApproxImportanceSampling,0.99674
365,260.0,SAIS-ScenarioApproxImportanceSampling,0.99766
366,10.0,SAIS-ScenarioApproxImportanceSampling,0.82933
367,60.0,SAIS-ScenarioApproxImportanceSampling,0.97602
368,110.0,SAIS-ScenarioApproxImportanceSampling,0.97384
369,160.0,SAIS-ScenarioApproxImportanceSampling,0.99604
370,210.0,SAIS-ScenarioApproxImportanceSampling,0.99265
371,260.0,SAIS-ScenarioApproxImportanceSampling,0.99362
372,10.0,SAIS-ScenarioApproxImportanceSampling,0.94845
373,60.0,SAIS-ScenarioApproxImportanceSampling,0.94785
374,110.0,SAIS-ScenarioApproxImportanceSampling,0.98987
375,160.0,SAIS-ScenarioApproxImportanceSampling,0.99425
376,210.0,SAIS-ScenarioApproxImportanceSampling,0.99668
377,260.0,SAIS-ScenarioApproxImportanceSampling,0.984
378,10.0,SAIS-ScenarioApproxImportanceSampling,0.48831
379,60.0,SAIS-ScenarioApproxImportanceSampling,0.98565
380,110.0,SAIS-ScenarioApproxImportanceSampling,0.99306
381,160.0,SAIS-ScenarioApproxImportanceSampling,0.99284
382,210.0,SAIS-ScenarioApproxImportanceSampling,0.98809
383,260.0,SAIS-ScenarioApproxImportanceSampling,0.99501
384,10.0,SAIS-ScenarioApproxImportanceSampling,0.83288
385,60.0,SAIS-ScenarioApproxImportanceSampling,0.97436
386,110.0,SAIS-ScenarioApproxImportanceSampling,0.99127
387,160.0,SAIS-ScenarioApproxImportanceSampling,0.96889
388,210.0,SAIS-ScenarioApproxImportanceSampling,0.98711
389,260.0,SAIS-ScenarioApproxImportanceSampling,0.99733
390,10.0,SAIS-ScenarioApproxImportanceSampling,0.71606
391,60.0,SAIS-ScenarioApproxImportanceSampling,0.96531
392,110.0,SAIS-ScenarioApproxImportanceSampling,0.99517
393,160.0,SAIS-ScenarioApproxImportanceSampling,0.98737
394,210.0,SAIS-ScenarioApproxImportanceSampling,0.99224
395,260.0,SAIS-ScenarioApproxImportanceSampling,0.99116
396,10.0,SAIS-ScenarioApproxImportanceSampling,0.88422
397,60.0,SAIS-ScenarioApproxImportanceSampling,0.98341
398,110.0,SAIS-ScenarioApproxImportanceSampling,0.98692
399,160.0,SAIS-ScenarioApproxImportanceSampling,0.9927
400,210.0,SAIS-ScenarioApproxImportanceSampling,0.99307
401,260.0,SAIS-ScenarioApproxImportanceSampling,0.99722
402,10.0,SAIS-ScenarioApproxImportanceSampling,0.85496
403,60.0,SAIS-ScenarioApproxImportanceSampling,0.97579
404,110.0,SAIS-ScenarioApproxImportanceSampling,0.9934
405,160.0,SAIS-ScenarioApproxImportanceSampling,0.9897
406,210.0,SAIS-ScenarioApproxImportanceSampling,0.9957
407,260.0,SAIS-ScenarioApproxImportanceSampling,0.99758
408,10.0,SAIS-ScenarioApproxImportanceSampling,0.84321
409,60.0,SAIS-ScenarioApproxImportanceSampling,0.93444
410,110.0,SAIS-ScenarioApproxImportanceSampling,0.96181
411,160.0,SAIS-ScenarioApproxImportanceSampling,0.99236
412,210.0,SAIS-ScenarioApproxImportanceSampling,0.99229
413,260.0,SAIS-ScenarioApproxImportanceSampling,0.99792
414,10.0,SAIS-ScenarioApproxImportanceSampling,0.87587
415,60.0,SAIS-ScenarioApproxImportanceSampling,0.97845
416,110.0,SAIS-ScenarioApproxImportanceSampling,0.9825
417,160.0,SAIS-ScenarioApproxImportanceSampling,0.98586
418,210.0,SAIS-ScenarioApproxImportanceSampling,0.98856
419,260.0,SAIS-ScenarioApproxImportanceSampling,0.99481
420,10.0,SAIS-ScenarioApproxImportanceSampling,0.77942
421,60.0,SAIS-ScenarioApproxImportanceSampling,0.98206
422,110.0,SAIS-ScenarioApproxImportanceSampling,0.97861
423,160.0,SAIS-ScenarioApproxImportanceSampling,0.99621
424,210.0,SAIS-ScenarioApproxImportanceSampling,0.995
425,260.0,SAIS-ScenarioApproxImportanceSampling,0.9915
426,10.0,SAIS-ScenarioApproxImportanceSampling,0.79428
427,60.0,SAIS-ScenarioApproxImportanceSampling,0.99234
428,110.0,SAIS-ScenarioApproxImportanceSampling,0.98739
429,160.0,SAIS-ScenarioApproxImportanceSampling,0.97691
430,210.0,SAIS-ScenarioApproxImportanceSampling,0.99815
431,260.0,SAIS-ScenarioApproxImportanceSampling,0.98745
432,10.0,SAIS-ScenarioApproxImportanceSampling,0.70842
433,60.0,SAIS-ScenarioApproxImportanceSampling,0.98885
434,110.0,SAIS-ScenarioApproxImportanceSampling,0.98411
435,160.0,SAIS-ScenarioApproxImportanceSampling,0.99586
436,210.0,SAIS-ScenarioApproxImportanceSampling,0.98985
437,260.0,SAIS-ScenarioApproxImportanceSampling,0.99129
438,10.0,SAIS-ScenarioApproxImportanceSampling,0.90733
439,60.0,SAIS-ScenarioApproxImportanceSampling,0.9655
440,110.0,SAIS-ScenarioApproxImportanceSampling,0.99092
441,160.0,SAIS-ScenarioApproxImportanceSampling,0.99234
442,210.0,SAIS-ScenarioApproxImportanceSampling,0.99102
443,260.0,SAIS-ScenarioApproxImportanceSampling,0.99801
444,10.0,SAIS-ScenarioApproxImportanceSampling,0.76607
445,60.0,SAIS-ScenarioApproxImportanceSampling,0.96289
446,110.0,SAIS-ScenarioApproxImportanceSampling,0.98797
447,160.0,SAIS-ScenarioApproxImportanceSampling,0.9827
448,210.0,SAIS-ScenarioApproxImportanceSampling,0.99619
449,260.0,SAIS-ScenarioApproxImportanceSampling,0.99596
450,10.0,SAIS-ScenarioApproxImportanceSampling,0.69043
451,60.0,SAIS-ScenarioApproxImportanceSampling,0.97661
452,110.0,SAIS-ScenarioApproxImportanceSampling,0.98827
453,160.0,SAIS-ScenarioApproxImportanceSampling,0.98704
454,210.0,SAIS-ScenarioApproxImportanceSampling,0.99456
455,260.0,SAIS-ScenarioApproxImportanceSampling,0.99712
456,10.0,SAIS-ScenarioApproxImportanceSampling,0.87401
457,60.0,SAIS-ScenarioApproxImportanceSampling,0.98459
458,110.0,SAIS-ScenarioApproxImportanceSampling,0.99165
459,160.0,SAIS-ScenarioApproxImportanceSampling,0.99032
460,210.0,SAIS-ScenarioApproxImportanceSampling,0.99638
461,260.0,SAIS-ScenarioApproxImportanceSampling,0.99547
462,10.0,SAIS-ScenarioApproxImportanceSampling,0.52095
463,60.0,SAIS-ScenarioApproxImportanceSampling,0.95361
464,110.0,SAIS-ScenarioApproxImportanceSampling,0.99437
465,160.0,SAIS-ScenarioApproxImportanceSampling,0.98639
466,210.0,SAIS-ScenarioApproxImportanceSampling,0.99674
467,260.0,SAIS-ScenarioApproxImportanceSampling,0.99046
468,10.0,SAIS-ScenarioApproxImportanceSampling,0.72284
469,60.0,SAIS-ScenarioApproxImportanceSampling,0.98908
470,110.0,SAIS-ScenarioApproxImportanceSampling,0.98894
471,160.0,SAIS-ScenarioApproxImportanceSampling,0.99562
472,210.0,SAIS-ScenarioApproxImportanceSampling,0.99041
473,260.0,SAIS-ScenarioApproxImportanceSampling,0.99489
474,10.0,SAIS-ScenarioApproxImportanceSampling,0.97758
475,60.0,SAIS-ScenarioApproxImportanceSampling,0.96329
476,110.0,SAIS-ScenarioApproxImportanceSampling,0.98985
477,160.0,SAIS-ScenarioApproxImportanceSampling,0.98769
478,210.0,SAIS-ScenarioApproxImportanceSampling,0.99158
479,260.0,SAIS-ScenarioApproxImportanceSampling,0.99702
480,10.0,SAIS-ScenarioApproxImportanceSampling,0.82257
481,60.0,SAIS-ScenarioApproxImportanceSampling,0.97637
482,110.0,SAIS-ScenarioApproxImportanceSampling,0.97357
483,160.0,SAIS-ScenarioApproxImportanceSampling,0.99219
484,210.0,SAIS-ScenarioApproxImportanceSampling,0.99534
485,260.0,SAIS-ScenarioApproxImportanceSampling,0.98761
486,10.0,SAIS-ScenarioApproxImportanceSampling,0.7797
487,60.0,SAIS-ScenarioApproxImportanceSampling,0.96576
488,110.0,SAIS-ScenarioApproxImportanceSampling,0.98818
489,160.0,SAIS-ScenarioApproxImportanceSampling,0.98985
490,210.0,SAIS-ScenarioApproxImportanceSampling,0.99623
491,260.0,SAIS-ScenarioApproxImportanceSampling,0.99202
492,10.0,SAIS-ScenarioApproxImportanceSampling,0.68652
493,60.0,SAIS-ScenarioApproxImportanceSampling,0.96892
494,110.0,SAIS-ScenarioApproxImportanceSampling,0.98916
495,160.0,SAIS-ScenarioApproxImportanceSampling,0.99059
496,210.0,SAIS-ScenarioApproxImportanceSampling,0.99413
497,260.0,SAIS-ScenarioApproxImportanceSampling,0.99197
498,10.0,SAIS-ScenarioApproxImportanceSampling,0.82522
499,60.0,SAIS-ScenarioApproxImportanceSampling,0.96422
500,110.0,SAIS-ScenarioApproxImportanceSampling,0.98063
501,160.0,SAIS-ScenarioApproxImportanceSampling,0.99476
502,210.0,SAIS-ScenarioApproxImportanceSampling,0.98831
503,260.0,SAIS-ScenarioApproxImportanceSampling,0.99476
504,10.0,SAIS-ScenarioApproxImportanceSampling,0.87583
505,60.0,SAIS-ScenarioApproxImportanceSampling,0.98896
506,110.0,SAIS-ScenarioApproxImportanceSampling,0.97171
507,160.0,SAIS-ScenarioApproxImportanceSampling,0.97471
508,210.0,SAIS-ScenarioApproxImportanceSampling,0.99203
509,260.0,SAIS-ScenarioApproxImportanceSampling,0.99374
510,10.0,SAIS-ScenarioApproxImportanceSampling,0.83996
511,60.0,SAIS-ScenarioApproxImportanceSampling,0.96894
512,110.0,SAIS-ScenarioApproxImportanceSampling,0.98879
513,160.0,SAIS-ScenarioApproxImportanceSampling,0.98816
514,210.0,SAIS-ScenarioApproxImportanceSampling,0.99537
515,260.0,SAIS-ScenarioApproxImportanceSampling,0.99172
516,10.0,SAIS-ScenarioApproxImportanceSampling,0.78497
517,60.0,SAIS-ScenarioApproxImportanceSampling,0.97801
518,110.0,SAIS-ScenarioApproxImportanceSampling,0.98885
519,160.0,SAIS-ScenarioApproxImportanceSampling,0.99096
520,210.0,SAIS-ScenarioApproxImportanceSampling,0.99196
521,260.0,SAIS-ScenarioApproxImportanceSampling,0.99167
522,10.0,SAIS-ScenarioApproxImportanceSampling,0.91324
523,60.0,SAIS-ScenarioApproxImportanceSampling,0.98321
524,110.0,SAIS-ScenarioApproxImportanceSampling,0.98702
525,160.0,SAIS-ScenarioApproxImportanceSampling,0.99211
526,210.0,SAIS-ScenarioApproxImportanceSampling,0.99285
527,260.0,SAIS-ScenarioApproxImportanceSampling,0.9978
528,10.0,SAIS-ScenarioApproxImportanceSampling,0.80295
529,60.0,SAIS-ScenarioApproxImportanceSampling,0.9836
530,110.0,SAIS-ScenarioApproxImportanceSampling,0.98554
531,160.0,SAIS-ScenarioApproxImportanceSampling,0.9953
532,210.0,SAIS-ScenarioApproxImportanceSampling,0.99811
533,260.0,SAIS-ScenarioApproxImportanceSampling,0.98474
534,10.0,SAIS-ScenarioApproxImportanceSampling,0.87891
535,60.0,SAIS-ScenarioApproxImportanceSampling,0.94683
536,110.0,SAIS-ScenarioApproxImportanceSampling,0.98508
537,160.0,SAIS-ScenarioApproxImportanceSampling,0.99211
538,210.0,SAIS-ScenarioApproxImportanceSampling,0.99609
539,260.0,SAIS-ScenarioApproxImportanceSampling,0.99342
540,10.0,SAIS-ScenarioApproxImportanceSampling,0.89709
541,60.0,SAIS-ScenarioApproxImportanceSampling,0.98273
542,110.0,SAIS-ScenarioApproxImportanceSampling,0.9938
543,160.0,SAIS-ScenarioApproxImportanceSampling,0.99358
544,210.0,SAIS-ScenarioApproxImportanceSampling,0.99123
545,260.0,SAIS-ScenarioApproxImportanceSampling,0.99278
546,10.0,SAIS-ScenarioApproxImportanceSampling,0.68096
547,60.0,SAIS-ScenarioApproxImportanceSampling,0.9882
548,110.0,SAIS-ScenarioApproxImportanceSampling,0.97614
549,160.0,SAIS-ScenarioApproxImportanceSampling,0.98999
550,210.0,SAIS-ScenarioApproxImportanceSampling,0.99038
551,260.0,SAIS-ScenarioApproxImportanceSampling,0.99427
552,10.0,SAIS-ScenarioApproxImportanceSampling,0.81592
553,60.0,SAIS-ScenarioApproxImportanceSampling,0.9944
554,110.0,SAIS-ScenarioApproxImportanceSampling,0.98312
555,160.0,SAIS-ScenarioApproxImportanceSampling,0.97811
556,210.0,SAIS-ScenarioApproxImportanceSampling,0.9939
557,260.0,SAIS-ScenarioApproxImportanceSampling,0.99497
558,10.0,SAIS-ScenarioApproxImportanceSampling,0.77079
559,60.0,SAIS-ScenarioApproxImportanceSampling,0.96301
560,110.0,SAIS-ScenarioApproxImportanceSampling,0.9903
561,160.0,SAIS-ScenarioApproxImportanceSampling,0.98393
562,210.0,SAIS-ScenarioApproxImportanceSampling,0.99372
563,260.0,SAIS-ScenarioApproxImportanceSampling,0.99109
564,10.0,SAIS-ScenarioApproxImportanceSampling,0.84513
565,60.0,SAIS-ScenarioApproxImportanceSampling,0.97185
566,110.0,SAIS-ScenarioApproxImportanceSampling,0.99375
567,160.0,SAIS-ScenarioApproxImportanceSampling,0.99445
568,210.0,SAIS-ScenarioApproxImportanceSampling,0.99199
569,260.0,SAIS-ScenarioApproxImportanceSampling,0.99562
570,10.0,SAIS-ScenarioApproxImportanceSampling,0.70179
571,60.0,SAIS-ScenarioApproxImportanceSampling,0.97069
572,110.0,SAIS-ScenarioApproxImportanceSampling,0.96894
573,160.0,SAIS-ScenarioApproxImportanceSampling,0.97377
574,210.0,SAIS-ScenarioApproxImportanceSampling,0.99117
575,260.0,SAIS-ScenarioApproxImportanceSampling,0.99216
576,10.0,SAIS-ScenarioApproxImportanceSampling,0.92192
577,60.0,SAIS-ScenarioApproxImportanceSampling,0.98369
578,110.0,SAIS-ScenarioApproxImportanceSampling,0.98963
579,160.0,SAIS-ScenarioApproxImportanceSampling,0.99316
580,210.0,SAIS-ScenarioApproxImportanceSampling,0.99597
581,260.0,SAIS-ScenarioApproxImportanceSampling,0.99702
582,10.0,SAIS-ScenarioApproxImportanceSampling,0.73841
583,60.0,SAIS-ScenarioApproxImportanceSampling,0.95823
584,110.0,SAIS-ScenarioApproxImportanceSampling,0.9859
585,160.0,SAIS-ScenarioApproxImportanceSampling,0.978
586,210.0,SAIS-ScenarioApproxImportanceSampling,0.98402
587,260.0,SAIS-ScenarioApproxImportanceSampling,0.99791
588,10.0,SAIS-ScenarioApproxImportanceSampling,0.56145
589,60.0,SAIS-ScenarioApproxImportanceSampling,0.98189
590,110.0,SAIS-ScenarioApproxImportanceSampling,0.98243
591,160.0,SAIS-ScenarioApproxImportanceSampling,0.94537
592,210.0,SAIS-ScenarioApproxImportanceSampling,0.99098
593,260.0,SAIS-ScenarioApproxImportanceSampling,0.99654
594,10.0,SAIS-ScenarioApproxImportanceSampling,0.89701
595,60.0,SAIS-ScenarioApproxImportanceSampling,0.99066
596,110.0,SAIS-ScenarioApproxImportanceSampling,0.99046
597,160.0,SAIS-ScenarioApproxImportanceSampling,0.99283
598,210.0,SAIS-ScenarioApproxImportanceSampling,0.99225
599,260.0,SAIS-ScenarioApproxImportanceSampling,0.98705
